timestamp,lat,long,ax,ay,az,acc
1505466134594,47.5243361,19.0727847,0.31299352645874023,-0.2949366569519043,1.0032668113708496,20.461999893188477
1505466135885,47.5243361,19.0727847,0.12621092796325684,-0.41905879974365234,0.6387042999267578,14.50100040435791
1505466136875,47.5243456,19.0728001,0.3274604082107544,-0.7961897850036621,-1.400221824645996,12.083999633789062
1505466137405,47.5243511,19.072809,-1.005648136138916,-0.410647451877594,2.8547420501708984,10.4350004196167
1505466138386,47.5243543,19.0728142,0.35416078567504883,0.38306260108947754,3.877467155456543,10
1505466139346,47.5243599,19.0728154,0.37105512619018555,-0.5270713567733765,1.4756355285644531,10
1505466140326,47.5243599,19.0728155,0.7702851295471191,1.7846250534057617,1.8974065780639648,10
1505466141346,47.5243632,19.0728162,-0.6904598474502563,-0.4072854518890381,1.1840028762817383,10
1505466142365,47.5243719,19.0728211,0.08626395463943481,-0.0591580867767334,0.7492313385009766,10
1505466143475,47.5243818,19.0728269,0.0314631462097168,-0.012306451797485352,0.6240463256835938,10
1505466144306,47.5243895,19.0728335,0.09671691805124283,0.2418832778930664,0.822382926940918,10
1505466145386,47.5243968,19.0728466,1.635847568511963,0.6043686866760254,-0.8049929141998291,10
1505466146325,47.5244015,19.0728545,-0.017995834350585938,-0.7714157104492188,1.4748353958129883,10
1505466147338,47.5243903,19.0728449,-2.3414411544799805,-0.3661670684814453,-0.5948333740234375,10
1505466148306,47.5243879,19.0728395,0.4893350601196289,-0.0457608699798584,-0.1664559245109558,10
1505466149355,47.5243859,19.072835,0.09536457061767578,-0.4666404724121094,0.11285078525543213,10
1505466150386,47.5243853,19.0728318,-0.29006385803222656,3.113462448120117,-2.8684818744659424,10
1505466151385,47.5243835,19.0728297,2.4348926544189453,0.6022584438323975,-0.26224374771118164,10
1505466152357,47.5243814,19.0728267,-0.21367216110229492,-1.3109054565429688,-3.7596096992492676,10
1505466156187,47.5243813,19.0728288,-2.033571720123291,-4.25641393661499,2.551912784576416,10
1505466157447,47.5243781,19.0728319,-2.1615800857543945,-0.4188394546508789,-1.666059970855713,10
1505466158417,47.5243755,19.072844,-0.22551965713500977,2.1654250621795654,-0.9210910797119141,10
1505466159407,47.5243747,19.0728569,2.199441909790039,-2.059034824371338,1.060671329498291,10
1505466160405,47.5243739,19.072869,-0.09853839874267578,1.3951084613800049,-0.22820138931274414,10
1505466161364,47.5243674,19.0728777,0.6726312637329102,1.385486125946045,1.3425931930541992,10
1505466162429,47.5243621,19.0728878,0.16839838027954102,-6.663963794708252,0.5701627731323242,10
1505466163419,47.5243578,19.0728964,0.15054750442504883,-4.124906539916992,-1.9636459350585938,10
1505466164427,47.5243535,19.0729082,-3.118934154510498,2.51861834526062,-3.0650038719177246,10
1505466165582,47.5243497,19.072918,1.3289580345153809,-1.5018558502197266,-0.015372276306152344,10
1505466166417,47.524339,19.0729338,1.869856834411621,0.9031870365142822,0.4526805877685547,10
1505466167429,47.5243307,19.0729462,0.3553781509399414,-2.9573252201080322,1.064791202545166,10
1505466168410,47.5243224,19.0729574,3.898158073425293,-0.07848358154296875,-1.0741548538208008,10
1505466169349,47.5243138,19.0729687,0.25185680389404297,2.6105449199676514,3.715381622314453,10
1505466170329,47.5243034,19.0729819,3.1436705589294434,-1.9752826690673828,2.3547897338867188,10
1505466171450,47.524296,19.0729985,0.24516630172729492,-1.0423991680145264,-0.2398066520690918,10
1505466172407,47.5242878,19.0730123,-1.1223745346069336,0.661085844039917,0.4227108955383301,10
1505466173298,47.5242797,19.0730272,3.456681728363037,-2.90791392326355,4.7372589111328125,10
1505466174388,47.5242717,19.0730419,-0.1251211166381836,-0.99285888671875,1.0255341529846191,10
1505466175450,47.5242647,19.0730551,0.7964777946472168,2.6964402198791504,1.4262561798095703,10
1505466176367,47.524255,19.0730664,1.7135004997253418,-0.7192955017089844,2.373582363128662,10
1505466177447,47.5242468,19.073077,0.10584211349487305,1.2701325416564941,0.9306378364562988,10
1505466178534,47.5242359,19.0730846,-1.5298593044281006,-3.048360824584961,3.4345245361328125,10
1505466179348,47.5242288,19.0730893,0.5779194831848145,-2.901728391647339,-0.5375146865844727,10
1505466180418,47.5242194,19.0730937,1.0873537063598633,-0.35164952278137207,-0.2728910446166992,10
1505466181344,47.5242111,19.0730986,1.2600898742675781,1.6004247665405273,1.5261855125427246,10
1505466182413,47.5242021,19.0730983,2.727090358734131,-2.4162511825561523,1.0373663902282715,10
1505466183321,47.5241937,19.0730978,3.411592483520508,0.415722131729126,0.5043730735778809,10
1505466184450,47.5241844,19.073093,0.7620420455932617,-1.2482671737670898,-0.11214447021484375,10
1505466185490,47.5241757,19.0730909,3.103644371032715,1.3436706066131592,1.8786215782165527,10
1505466186396,47.5241658,19.0730861,-1.651768684387207,0.7991516590118408,-1.5946860313415527,10
1505466187397,47.5241563,19.0730798,2.8245162963867188,-0.6144452095031738,1.2970223426818848,10
1505466188347,47.5241475,19.0730753,-1.5732970237731934,-2.783963918685913,-0.7377872467041016,10
1505466189357,47.5241315,19.073065,0.6079034805297852,-0.5675339698791504,1.0888581275939941,10
1505466193369,47.5241315,19.073065,1.6794681549072266,-2.199105739593506,0.9968400001525879,10
1505466193871,47.5241315,19.073065,-0.2768421173095703,-1.0435771942138672,0.030814647674560547,10
1505466194847,47.5233118,19.0724603,0.9172015190124512,-0.06270027160644531,0.09068822860717773,12.387999534606934
1505466195916,47.5232816,19.0724068,-0.5277624130249023,1.7974653244018555,-0.9638991355895996,10.668000221252441
1505466197066,47.5232645,19.0723781,-1.7079322338104248,3.6739344596862793,-2.186588764190674,10
1505466197896,47.5232715,19.0723602,1.175969123840332,-0.43129873275756836,1.3407583236694336,10
1505466198826,47.5232718,19.0723182,2.802297592163086,5.034926414489746,0.5180878639221191,10
1505466199857,47.523271,19.0722852,-0.6585688591003418,1.7307791709899902,-1.3963665962219238,10
1505466200856,47.5232613,19.0722686,4.144344329833984,3.431563138961792,3.833615779876709,10
1505466201819,47.5232327,19.0722431,0.28656673431396484,-0.290444016456604,0.6057534217834473,10
1505466202887,47.5232278,19.0722325,-1.708146572113037,-1.7595667839050293,1.2797822952270508,10
1505466203834,47.5232239,19.0722268,-0.23337411880493164,-0.972672700881958,0.24849319458007812,10
1505466204892,47.5232363,19.0722347,3.993124485015869,-4.578269004821777,2.358997344970703,10
1505466206036,47.5232254,19.0722328,2.472994804382324,1.8371680974960327,1.377734661102295,10
1505466206846,47.5231693,19.0722672,-0.10191822052001953,3.101834774017334,0.17563533782958984,10
1505466207869,47.5231693,19.0722672,1.4495720863342285,5.357720375061035,2.690159320831299,10
1505466209008,47.5231693,19.0722672,4.562525272369385,-0.35766124725341797,2.198719024658203,10
1505466209866,47.5222589,19.0726619,0.0977010726928711,0.8620626926422119,0.20092487335205078,12.657999992370605
1505466210806,47.5223103,19.0726623,-0.4766521453857422,0.0721578598022461,-1.4312782287597656,10.810999870300293
1505466211776,47.5223367,19.0726403,4.703945159912109,-2.1177704334259033,2.014683246612549,10
1505466212866,47.5223546,19.0726254,2.418160915374756,-2.148578405380249,3.7202110290527344,10
1505466215775,47.5223671,19.0725997,-1.826725721359253,-1.3516161441802979,1.1077661514282227,10
1505466216766,47.5223667,19.0725475,2.0125255584716797,1.0798139572143555,0.7255604267120361,10
1505466220395,47.5223835,19.0725402,1.183894157409668,-1.9902451038360596,-0.592028021812439,10
1505466221276,47.5223912,19.0725332,-0.44152069091796875,-0.9657514095306396,0.5403352379798889,10
1505466222308,47.5223928,19.0725448,-0.9510822296142578,-0.5762124061584473,-1.3666644096374512,10
1505466223277,47.5223971,19.0725571,0.0629720687866211,0.16134142875671387,0.3823765516281128,10
1505466224306,47.5223995,19.0725433,0.10864925384521484,-0.08722043037414551,-0.2106637954711914,10
1505466225255,47.5223979,19.0725371,0.11963558197021484,-0.46156609058380127,-0.09022045135498047,10
1505466226387,47.5223953,19.0725287,1.0861449241638184,0.816929817199707,0.9684791564941406,10
1505466227367,47.5223946,19.0725245,0.0010495185852050781,-2.6836767196655273,0.14812946319580078,10
1505466228227,47.5223914,19.0725063,-3.4596545696258545,-0.5193309783935547,1.891066551208496,10
1505466229306,47.5223888,19.0724913,0.14461946487426758,-0.08290863037109375,0.5535993576049805,10
1505466232825,47.5223871,19.0724629,0.7205330729484558,0.08057856559753418,0.6850242614746094,10
1505466233796,47.5223882,19.0724438,0.411011278629303,0.13188695907592773,0.6136980056762695,10
1505466234775,47.5223821,19.0724368,0.008505314588546753,-0.2478308081626892,0.8139171600341797,10
1505466235786,47.5223767,19.0724305,1.4063341617584229,-0.20639026165008545,-0.6183795928955078,10
1505466236847,47.5223763,19.072429,-0.24633550643920898,-0.7712311744689941,-0.0011706352233886719,10
1505466238905,47.5223782,19.0724216,0.1593785285949707,-1.5939583778381348,-0.16471385955810547,10
1505466239977,47.5223788,19.0724102,0.29932451248168945,-1.1238770484924316,0.09063911437988281,10
1505466240736,47.5223804,19.072407,-0.059571266174316406,-0.9059774875640869,-0.589561939239502,10
1505466241846,47.5223814,19.0724044,0.18190717697143555,-0.6929323673248291,0.6080217361450195,10
1505466243025,47.5223819,19.072404,-2.4798097610473633,-1.1071827411651611,0.5761666297912598,10
1505466243795,47.5223793,19.0723963,-1.3636794090270996,-0.26053309440612793,0.767366886138916,10
1505466244836,47.5223783,19.0723812,0.0038585662841796875,0.2299659252166748,-0.1997361183166504,10
1505466245766,47.5223768,19.0723821,-2.81937837600708,-1.8828685283660889,5.9626359939575195,10
1505466248828,47.5223762,19.0723813,-0.35552215576171875,-0.7094510793685913,-1.4737296104431152,10
1505466249858,47.5223693,19.0723706,1.3964900970458984,-0.47737348079681396,-0.3818979263305664,10
1505466250776,47.5223639,19.0723617,1.4662556648254395,-4.306229591369629,2.9254226684570312,10
1505466251816,47.5223624,19.0723601,3.081714630126953,-0.18993163108825684,1.305659294128418,10
1505466252806,47.5223622,19.0723585,-0.81671142578125,-2.3756301403045654,1.390540599822998,10
1505466253926,47.5223619,19.0723572,-1.5211305618286133,-1.8082127571105957,2.188636302947998,10
1505466254745,47.5223617,19.0723554,3.9399490356445312,-1.2316604852676392,2.255009174346924,10
1505466255796,47.5223612,19.0723525,-0.9421625137329102,0.9870482683181763,-0.6986079216003418,10
1505466256804,47.5223612,19.0723525,2.0431699752807617,-0.8241770267486572,-0.47055530548095703,10
1505466257825,47.5223612,19.0723525,1.4038000106811523,1.0341129302978516,3.0569071769714355,10
1505466258888,47.5219903,19.0710066,-0.7514462471008301,0.28235697746276855,0.20947742462158203,31.81100082397461
1505466259826,47.5220472,19.0710489,1.5935869216918945,-1.9511120319366455,-0.576777458190918,20.177000045776367
1505466260778,47.5220252,19.0709331,-0.6013264656066895,0.466627836227417,-1.064417839050293,15.13700008392334
1505466261975,47.5220158,19.070923,-0.9446992874145508,-0.1199256181716919,1.5086555480957031,14.48799991607666
1505466262744,47.5220088,19.0709084,-1.1191601753234863,-0.5621588230133057,-0.5097370147705078,13.914999961853027
1505466263835,47.5220031,19.070894,-3.9367284774780273,-0.37119102478027344,-0.47057104110717773,13.406000137329102
1505466264846,47.5219902,19.0708819,-0.3154258728027344,-1.2321105003356934,0.5392584800720215,12.947999954223633
1505466265805,47.5219927,19.0708744,-1.821690559387207,-1.2305190563201904,-0.45047807693481445,12.53499984741211
1505466269364,47.5219846,19.0708495,3.9080257415771484,0.7164233922958374,0.05508899688720703,12.157999992370605
1505466270285,47.5219835,19.0708485,-1.312185287475586,1.3925118446350098,2.7079482078552246,12.085000038146973
1505466271216,47.5219835,19.0708485,6.482536315917969,0.30901968479156494,-2.418630599975586,12.085000038146973
1505466271834,47.5219835,19.0708485,5.373112201690674,-0.3986353874206543,8.227453231811523,39.70899963378906
1505466273266,47.5219835,19.0708485,-2.8294827938079834,1.2840020656585693,0.7746658325195312,12.085000038146973
1505466274326,47.5209178,19.0697844,0.43312835693359375,-3.267669677734375,1.362807273864746,30.474000930786133
1505466275306,47.5209,19.0697805,-1.5266165733337402,0.9126667976379395,-0.7715511322021484,22.606000900268555
1505466276486,47.5209157,19.0697522,-2.1543116569519043,2.099583387374878,1.970670223236084,19.033000946044922
1505466276885,47.5209243,19.0697366,-0.6225018501281738,0.4697471857070923,0.5627903938293457,16.75
1505466277815,47.5208937,19.0697391,2.5995373725891113,-0.5815495252609253,0.18099355697631836,14.23799991607666
1505466278866,47.5208652,19.0697365,0.08359003067016602,0.04935729503631592,0.4953312873840332,12.531000137329102
1505466279591,47.5208472,19.0697349,0.12101316452026367,-0.6708611249923706,0.20626211166381836,11.319999694824219
1505466280301,47.5208459,19.0697066,-0.31911802291870117,-0.8347911834716797,-0.035936832427978516,10.156999588012695
1505466281221,47.5208516,19.0696859,-0.7603816986083984,0.6780252456665039,-0.5704612731933594,10
1505466282252,47.5208572,19.0696628,-0.18903875350952148,-0.1123766303062439,0.11294794082641602,10
1505466283241,47.5208665,19.0696384,-0.47321557998657227,-0.8190123438835144,0.4348640441894531,10
1505466284290,47.5208757,19.0696202,-0.37607383728027344,0.30333709716796875,-0.1844949722290039,10
1505466285302,47.5208789,19.0695873,1.0040640830993652,0.14871907234191895,0.7164573669433594,10
1505466286312,47.5208767,19.0695379,-0.24031400680541992,-1.6102685928344727,0.8737483024597168,10
1505466287241,47.5208796,19.0695136,3.292827606201172,-0.5839517712593079,-0.5433282852172852,10
1505466288241,47.5208788,19.0694925,0.243804931640625,-0.16621875762939453,-0.4933004379272461,10
1505466289530,47.5208788,19.0694925,0.580876350402832,-0.6210634708404541,-0.15969038009643555,10
1505466290262,47.5208788,19.0694925,0.4530200958251953,-0.4255203306674957,-0.10033512115478516,10
1505466291276,47.5213118,19.068075,0.3903331756591797,-0.5110205411911011,-0.11963129043579102,14.336999893188477
1505466292259,47.5213206,19.0680514,0.40078258514404297,0.24372601509094238,0.25369930267333984,12.345000267028809
1505466293238,47.5213206,19.0680514,0.3881721496582031,0.42885637283325195,0.20014572143554688,12.345000267028809
1505466294229,47.5213206,19.0680514,0.5659894943237305,0.39555931091308594,0.2141718864440918,12.345000267028809
1505466295213,47.520933,19.0692678,0.2501707077026367,0.09543085098266602,0.2658827304840088,16.422000885009766
1505466296568,47.520933,19.0692678,0.2716836929321289,0.28078213334083557,0.09799695014953613,16.422000885009766
1505466297388,47.5209301,19.0691331,0.33425045013427734,0.09461009502410889,0.16686153411865234,14.628999710083008
1505466298308,47.5209266,19.0690922,0.42969799041748047,0.5182633399963379,0.1626746654510498,13.288999557495117
1505466299270,47.52084,19.0691131,0.3365058898925781,0.4563734233379364,0.3015263080596924,11.859000205993652
1505466300229,47.5208502,19.0690786,0.3490467071533203,0.1796851009130478,0.10883378982543945,11.380000114440918
1505466301328,47.5208564,19.0690316,0.3627510070800781,-0.053471267223358154,0.1934185028076172,10.387999534606934
1505466302229,47.5208987,19.068922,0.2529487609863281,0.20590654015541077,0.14612388610839844,10
1505466303042,47.5209336,19.0688282,0.46419239044189453,0.18058937788009644,0.08186602592468262,10
1505466303970,47.5209558,19.068765,0.2785177230834961,-0.1682782769203186,0.09717869758605957,10
1505466304999,47.5209737,19.0687138,0.36739063262939453,-0.13917933404445648,0.2328660488128662,10
1505466306150,47.5210149,19.0686594,-0.032378196716308594,-0.1377912312746048,0.12067031860351562,10
1505466306990,47.5210279,19.0686283,0.22884464263916016,0.26988598704338074,-0.04180192947387695,10
1505466308020,47.5210119,19.0686482,0.6236438751220703,0.14844390749931335,0.25908875465393066,10
1505466308990,47.5210024,19.0687039,0.20830631256103516,-1.3852601051330566,-1.2194280624389648,10
1505466310101,47.5209955,19.0687535,5.261096000671387,-1.4513676166534424,2.889549732208252,10
1505466311091,47.5209932,19.0687886,0.7721290588378906,0.5973115563392639,1.8643784523010254,10
1505466312030,47.5209935,19.0687946,-2.4593887329101562,-0.9125611782073975,-1.1812810897827148,10
1505466313128,47.5209895,19.0688231,1.624396800994873,-1.95160710811615,-3.6799514293670654,10
1505466314140,47.5209852,19.0688558,-1.042543888092041,-3.2610461711883545,0.9172992706298828,10
1505466315060,47.5209804,19.0688874,-2.238818645477295,4.0330305099487305,-2.7466788291931152,10
1505466316071,47.5209749,19.0689197,3.8220438957214355,-2.027791976928711,0.004729270935058594,10
1505466316567,47.5209696,19.0689482,2.484055995941162,2.825169563293457,2.6508703231811523,10
1505466317489,47.5209668,19.0689741,-2.4117159843444824,-0.0707237720489502,-0.19448614120483398,10
1505466318549,47.5209663,19.068994,-1.6669769287109375,0.795036792755127,-1.5447540283203125,10
1505466321138,47.5209551,19.069025,3.700974941253662,-3.057889461517334,3.424830436706543,10
1505466322078,47.520938,19.069057,-0.4976649284362793,1.1982545852661133,3.711150646209717,10
1505466323199,47.520923,19.0690833,0.1344771385192871,0.02302849292755127,2.1947779655456543,10
1505466323999,47.5209127,19.0691065,7.9870734214782715,0.0796051025390625,2.4146862030029297,10
1505466325021,47.5209076,19.0691266,-0.24731922149658203,-2.302149772644043,-1.6019244194030762,10
1505466326029,47.5209015,19.0691453,-1.7051563262939453,-0.9381632804870605,-0.1178288459777832,10
1505466326999,47.5208906,19.0691656,7.653835773468018,-0.5646580457687378,4.449949741363525,10
1505466328198,47.5208802,19.0691827,-2.9377353191375732,-0.07197749614715576,-0.3972287178039551,10
1505466329948,47.5208696,19.0692,-0.7283258438110352,-0.13164269924163818,1.4518718719482422,10
1505466331028,47.5208652,19.0692057,-0.4671154022216797,0.5934470891952515,1.1401710510253906,10
1505466331999,47.520861,19.0692114,-0.3394737243652344,-0.28910768032073975,0.6302423477172852,10
1505466332937,47.5208425,19.0692355,0.4646310806274414,-1.9052600860595703,2.970028877258301,10
1505466333958,47.520829,19.0692514,0.19591903686523438,0.3821401596069336,1.2075376510620117,10
1505466334946,47.5208256,19.0692556,4.007889747619629,1.0065287351608276,-0.5514740943908691,10
1505466337137,47.5208142,19.0692736,-1.5054969787597656,1.0572876930236816,1.1133408546447754,10
1505466337958,47.5208048,19.0692867,1.3662161827087402,0.14579451084136963,0.7749457359313965,10
1505466339028,47.5207978,19.0692974,-1.1746139526367188,-0.6374378204345703,-2.051264762878418,10
1505466340027,47.5207885,19.0693111,0.5414371490478516,-0.44563138484954834,-0.07654380798339844,10
1505466340978,47.5207885,19.0693111,4.955053806304932,1.387312889099121,2.927217483520508,10
1505466342998,47.5207885,19.0693111,1.3020448684692383,0.26744508743286133,0.7755961418151855,10
1505466344070,47.5194918,19.0710694,1.5207843780517578,-0.2846330404281616,1.7220563888549805,19.27899932861328
1505466345762,47.5194378,19.0710338,-1.5450506210327148,0.06412816047668457,2.1897692680358887,15.447999954223633
1505466347232,47.5194166,19.0710295,0.5324487686157227,-0.24836385250091553,1.358400821685791,12.722999572753906
1505466348223,47.5194009,19.0710229,-0.7113966941833496,0.8144186735153198,0.32915592193603516,11.413000106811523
1505466349273,47.5194314,19.0710422,1.4866065979003906,0.06693148612976074,0.17714977264404297,10.451000213623047
1505466350263,47.5194377,19.0710229,1.8752317428588867,0.33515477180480957,1.1017365455627441,10
1505466351323,47.5194428,19.0710426,-0.3401193618774414,3.6399149894714355,0.05982780456542969,10
1505466352254,47.5194387,19.0710549,5.617435455322266,0.5033467411994934,1.57598876953125,10
1505466353324,47.519427,19.0710639,-3.476179838180542,2.0494565963745117,-3.169081211090088,10
1505466354273,47.5194081,19.0710947,4.381811618804932,4.561070919036865,10.800395965576172,10
1505466356434,47.5193923,19.0711246,1.0787954330444336,-0.3507343530654907,1.8784880638122559,10
1505466357354,47.5193861,19.0711332,-1.3302478790283203,1.0549864768981934,1.0971441268920898,10
1505466358314,47.5193753,19.071158,0.727694034576416,1.021610975265503,2.1201181411743164,10
1505466359284,47.5193662,19.0711787,-1.681365966796875,3.190052032470703,2.5799803733825684,10
1505466360324,47.5193582,19.071197,5.88630485534668,-2.631913423538208,3.291682720184326,10
1505466361244,47.5193488,19.071218,0.4111051559448242,-0.9854784607887268,0.7591198682785034,10
1505466362325,47.5193474,19.0712299,1.2220773696899414,-0.40791159868240356,0.5321936011314392,10
1505466363355,47.5193475,19.0712397,0.7061529159545898,0.5021862983703613,1.5914665460586548,10
1505466364236,47.519346,19.0712508,0.7789144515991211,0.4928169846534729,-0.031463705003261566,10
1505466365403,47.5193452,19.0712635,0.6791300773620605,1.281602382659912,-0.21625041961669922,10
1505466366284,47.5193445,19.071269,0.48968154191970825,-0.17117953300476074,-0.2949972152709961,10
1505466367324,47.5193443,19.0712656,0.26544857025146484,0.4989585280418396,1.6342010498046875,10
1505466368274,47.5193438,19.0712796,0.07119202613830566,-0.023830413818359375,0.6661543846130371,10
1505466369385,47.5193437,19.0712894,-0.17642569541931152,-0.006072521209716797,0.09071063995361328,10
1505466370245,47.5193443,19.0713002,-0.6758193969726562,-0.1376795768737793,1.3029279708862305,10
1505466371452,47.5193441,19.0713117,-0.2088862657546997,-0.6484127044677734,1.2535982131958008,10
1505466372285,47.5193449,19.0713217,-0.43323594331741333,0.356372594833374,0.8544368743896484,10
1505466373194,47.5193446,19.071333,1.1757111549377441,-0.04697704315185547,0.3801422119140625,10
1505466374308,47.5193463,19.0713421,0.7047985792160034,0.1532878875732422,0.6023550033569336,10
1505466375335,47.5193443,19.0713422,0.681359589099884,0.11574792861938477,0.5024900436401367,10
1505466376184,47.5193413,19.071344,0.619277834892273,-0.4512878954410553,3.074681282043457,10
1505466377274,47.5193385,19.071344,-0.5890023708343506,-0.1392502784729004,0.34812355041503906,10
1505466378334,47.5193338,19.0713455,1.046472191810608,-0.6328601837158203,0.33986997604370117,10
1505466379275,47.5193291,19.0713476,1.7773675918579102,-1.2714643478393555,-0.09946918487548828,10
1505466380265,47.5193276,19.0713558,0.43624305725097656,-0.9132892489433289,0.0000152587890625,10
1505466381224,47.519325,19.0713666,0.19529151916503906,-0.992730438709259,0.15966391563415527,10
1505466382314,47.5193211,19.0713707,0.25969505310058594,-0.8585162162780762,-0.2863643169403076,10
1505466383223,47.5193183,19.0713742,0.09746360778808594,0.36161673069000244,-0.4642431139945984,10
1505466384235,47.5193184,19.0713756,5.538023948669434,-6.14492130279541,2.3610687255859375,10
1505466385304,47.5193182,19.0713731,-1.2028741836547852,1.6231789588928223,-0.6274302005767822,10
1505466386274,47.5193154,19.0713615,1.4936113357543945,-1.0969053506851196,-1.7122936248779297,10
1505466387264,47.5193165,19.0713576,0.6668143272399902,-0.8905577063560486,1.7436509132385254,10
1505466388226,47.5193151,19.071359,0.9973382949829102,1.841604232788086,0.8264789581298828,10
1505466389256,47.5193156,19.0713653,1.86985445022583,-1.1028780937194824,3.3971495628356934,10
1505466390253,47.5193145,19.0713657,1.2562742233276367,-5.500609397888184,0.1078333854675293,10
1505466391164,47.5193126,19.0713725,3.056157112121582,-1.1872763633728027,1.0895214080810547,10
1505466392204,47.5193112,19.0713784,-2.1688733100891113,-3.0967519283294678,-0.15184736251831055,10
1505466393335,47.5193079,19.0713872,-0.31219482421875,1.759423851966858,-0.9167852401733398,10
1505466394375,47.5193054,19.0713954,-0.8673839569091797,-3.578843355178833,1.3591632843017578,10
1505466395455,47.5193019,19.0713996,-1.2458291053771973,1.297032117843628,-0.4061551094055176,10
1505466396395,47.5192978,19.0714056,1.8200879096984863,-0.584855318069458,-0.4364800453186035,10
1505466397234,47.5192946,19.0714103,1.056307315826416,-1.5123341083526611,-0.4215211868286133,10
1505466398336,47.5192922,19.0714175,0.17051982879638672,2.700279712677002,-0.9485635757446289,10
1505466399385,47.5192901,19.0714252,3.0533008575439453,2.8042073249816895,1.145768642425537,10
1505466400304,47.5192869,19.0714339,-0.7667098045349121,-0.3033086955547333,0.22474098205566406,10
1505466401295,47.5192839,19.0714428,9.143799781799316,-0.04387602210044861,-2.829273223876953,10
1505466402336,47.5192797,19.0714508,5.810277938842773,-0.4505551755428314,1.4024620056152344,10
1505466404345,47.519275,19.0714577,1.7173333168029785,1.236526608467102,-1.233830451965332,10
1505466405274,47.5192721,19.0714655,3.9061622619628906,0.8621634840965271,3.0496907234191895,10
1505466406316,47.5192674,19.0714713,0.5391850471496582,-0.02209453284740448,1.8495540618896484,10
1505466407314,47.5192638,19.0714747,-0.7731637954711914,-0.057285308837890625,2.5791549682617188,10
1505466408236,47.5192602,19.071477,2.4171972274780273,1.7601795196533203,-0.9212479591369629,10
1505466409276,47.5192576,19.071478,0.8697137832641602,0.4942967891693115,0.4991436004638672,10
1505466410815,47.5192565,19.0714781,6.088268756866455,2.943457841873169,4.543323516845703,10
1505466411715,47.5192546,19.0714859,-2.64243745803833,0.3933974504470825,-2.8668980598449707,10
1505466412794,47.5192516,19.0714933,1.0473647117614746,3.7082061767578125,-0.7711277008056641,10
1505466413822,47.5190737,19.0719441,1.515681266784668,0.33849018812179565,0.5726814270019531,21.7810001373291
1505466416256,47.519176,19.0718121,-2.3004682064056396,-0.06480422616004944,0.9907803535461426,22.259000778198242
1505466417294,47.5191937,19.0718244,-3.013366460800171,-1.0487055778503418,-0.19220638275146484,24.108999252319336
1505466418154,47.519247,19.0718614,2.3852391242980957,-2.9318928718566895,2.6766891479492188,29.292999267578125
1505466419184,47.5189806,19.0716765,0.19123220443725586,1.6904398202896118,1.5471811294555664,50
1505466420173,47.5177556,19.0731757,-6.057252407073975,-0.4982466399669647,-1.3077802658081055,64.0999984741211
1505466421283,47.5191073,19.071576,2.8259096145629883,0.5315744280815125,0.32079267501831055,50
1505466422193,47.5189629,19.0716642,-2.271777629852295,-0.5154116153717041,2.371863842010498,31.312000274658203
1505466423153,47.5190304,19.0703485,-2.4531562328338623,-1.2704200744628906,-1.6099576950073242,50
1505466424191,47.5177556,19.0731757,-0.561490535736084,1.8934648036956787,-0.06767940521240234,30
1505466425183,47.5177556,19.0731757,0.8396682739257812,0.6847732663154602,-0.9286527633666992,32.099998474121094
1505466426193,47.5175047,19.073783,-2.925764799118042,-3.1803364753723145,0.7654151916503906,44.66899871826172
1505466427175,47.517487,19.0737707,0.0862889289855957,-0.19443757832050323,-1.3188271522521973,44.66899871826172
1505466428213,47.5172523,19.072825,1.1728105545043945,-0.2816382646560669,0.18552303314208984,26.67099952697754
1505466429225,47.5173448,19.073788,-2.2576990127563477,-1.483719825744629,1.8071727752685547,50
1505466430365,47.5174027,19.0736831,-0.37987327575683594,1.8366001844406128,2.115518569946289,26.134000778198242
1505466431305,47.5173761,19.0736067,0.9352478981018066,0.36720412969589233,-3.2961950302124023,26.131999969482422
1505466432234,47.5172383,19.073714,2.307410717010498,1.5880438089370728,1.3756256103515625,33.30500030517578
1505466433207,47.5173007,19.0734674,-3.10276460647583,-1.1216602325439453,1.5879974365234375,21.96299934387207
1505466434294,47.5173051,19.0734415,6.3918867111206055,1.9927726984024048,1.2378134727478027,30.187000274658203
1505466435202,47.5173739,19.0735617,-0.7396836280822754,-1.282649040222168,-1.099806308746338,23.76099967956543
1505466436275,47.5173628,19.0735685,-3.661623239517212,2.0488784313201904,0.6320247650146484,21.165000915527344
1505466437257,47.5173183,19.0735956,-4.8423662185668945,-0.02129995822906494,-3.4452381134033203,24.496999740600586
1505466438310,47.5173227,19.0736856,-0.5316581726074219,-0.7042913436889648,-0.9660673141479492,22.165000915527344
1505466439222,47.5172694,19.0737645,1.842106819152832,-1.820373773574829,2.6619882583618164,20.635000228881836
1505466440342,47.5172161,19.0737276,1.7483763694763184,-0.8588741421699524,0.9881420135498047,21.23900032043457
1505466441381,47.5171983,19.0737152,0.5892429351806641,-0.4187815189361572,1.6109843254089355,22.259000778198242
1505466442184,47.5172028,19.0736893,0.6466255187988281,-0.2828434109687805,-1.898275375366211,21.25200080871582
1505466443428,47.5170475,19.0735525,-1.079761028289795,-0.34976422786712646,0.4547739028930664,20.902999877929688
1505466444416,47.5169987,19.0733737,4.24967098236084,0.4810439944267273,2.7337427139282227,22.996000289916992
1505466445400,47.5170608,19.0735907,1.0357012748718262,-0.1763416826725006,-0.8001651763916016,20.437999725341797
1505466446263,47.5170608,19.0735907,-2.067139148712158,2.0676369667053223,0.7083001136779785,20.719999313354492
1505466447318,47.5170785,19.0736031,-0.16056203842163086,-0.7899268865585327,-1.0199689865112305,20.7189998626709
1505466448269,47.5170718,19.0736999,-2.898099184036255,-0.34974467754364014,0.009832382202148438,20.447999954223633
1505466449307,47.5170763,19.0735581,2.001108169555664,-0.14361903071403503,-0.6991000175476074,20.989999771118164
1505466450307,47.5170763,19.0735581,-1.1726007461547852,0.4010157585144043,0.6461305618286133,20.716999053955078
1505466451307,47.5170608,19.0735907,-2.591331958770752,1.0614805221557617,1.7055730819702148,20.7189998626709
1505466452369,47.5170608,19.0735907,-0.4656553268432617,-0.6229469180107117,-0.9734835624694824,20.437999725341797
1505466453363,47.5170564,19.0735007,0.29939842224121094,0.7733194828033447,2.1252341270446777,20.937999725341797
1505466454324,47.5170741,19.0735131,0.2951664924621582,0.8642710447311401,0.7850503921508789,20.683000564575195
1505466455195,47.517072,19.0734681,-0.505467414855957,-0.8365473747253418,0.7398643493652344,20.93899917602539
1505466456423,47.5170208,19.073592,0.40573549270629883,0.4425373673439026,-0.14159202575683594,21.243999481201172
1505466458875,47.5169897,19.0735414,1.9001846313476562,-0.2307996153831482,1.8432073593139648,21.613000869750977
1505466459726,47.5169365,19.0735045,0.2091383934020996,-0.44661945104599,0.720433235168457,23.047000885009766
1505466460820,47.5168454,19.0735137,-0.6505441665649414,-0.7058228254318237,-0.5519461631774902,20.440000534057617
1505466461686,47.5169387,19.0735495,8.789812088012695,-0.5848236083984375,5.977285385131836,20.902999877929688
1505466462732,47.5169586,19.0736068,1.428309440612793,-1.356935977935791,1.9196767807006836,20.440000534057617
1505466464706,47.517003,19.0735797,-0.8136100769042969,-1.2353516817092896,2.6553144454956055,20.391000747680664
1505466465736,47.5170119,19.0736438,1.1767702102661133,-0.3068946599960327,0.19413423538208008,22.832000732421875
1505466466766,47.516225,19.0748659,11.287055969238281,-2.2924575805664062,3.587973117828369,33.58700180053711
1505466467666,47.5162427,19.0748782,-0.797691822052002,-5.04847526550293,-0.4353060722351074,20.634000778198242
1505466468745,47.5162605,19.0748905,4.402087211608887,0.8623309135437012,1.2622241973876953,50
1505466469853,47.5162293,19.0749559,2.827209949493408,2.0250072479248047,0.5457429885864258,23.47599983215332
1505466471184,47.5162537,19.0749873,-2.2500927448272705,-0.450439453125,0.19527339935302734,22.417999267578125
1505466472284,47.5160028,19.0750016,-1.779712200164795,0.6198104023933411,-0.4505462646484375,20.23200035095215
1505466473265,47.5159784,19.0749701,0.6246180534362793,-2.4080073833465576,1.3396844863891602,21.045000076293945
1505466474414,47.5159405,19.0751323,0.7082610130310059,-0.2878934144973755,0.45547008514404297,21.285999298095703
1505466475275,47.515936,19.0752741,2.720916271209717,0.5258221626281738,-0.29651737213134766,22.698999404907227
1505466476315,47.5158651,19.0751089,0.9206128120422363,-0.427889347076416,0.6586036682128906,20.43899917602539
1505466477255,47.5158651,19.0751089,0.9893255233764648,1.0014352798461914,0.7749929428100586,20.44300079345703
1505466478335,47.515936,19.0752741,0.5806365013122559,-0.5928864479064941,-0.2486886978149414,21.055999755859375
1505466479364,47.5158337,19.0755219,-0.3798995018005371,0.3853309154510498,-0.44617271423339844,20.420000076293945
1505466480334,47.5158337,19.0755219,-0.8011679649353027,-0.3386898636817932,-1.0038909912109375,21.06100082397461
1505466481295,47.5157937,19.0755232,1.6025114059448242,-0.07254812121391296,-0.18488311767578125,20.2189998626709
1505466482214,47.5157049,19.0755774,-2.9098081588745117,1.4360132217407227,-2.4290966987609863,22.695999145507812
1505466483336,47.5157093,19.0755515,2.412830352783203,2.5628480911254883,3.6357011795043945,21.084999084472656
1505466484335,47.5157093,19.0755515,-0.9458203315734863,-0.5259711742401123,2.3883676528930664,21.086000442504883
1505466485356,47.5155585,19.0753888,0.3721466064453125,0.3476385176181793,2.111185073852539,22.820999145507812
1505466486244,47.5156405,19.0755472,-0.8860306739807129,2.2145276069641113,0.3169841766357422,20.308000564575195
1505466487434,47.5155673,19.0754529,-0.8286795616149902,-1.7196199893951416,0.17984771728515625,22.302000045776367
1505466488234,47.5156871,19.0755651,0.5913572311401367,-0.004852712154388428,1.3918323516845703,20.31100082397461
1505466489346,47.5155319,19.0753124,1.7100257873535156,0.9599392414093018,-0.3869047164916992,25.31599998474121
1505466490275,47.5156718,19.0752501,-3.5657010078430176,-1.5025324821472168,1.309941291809082,21.39699935913086
1505466491274,47.5157581,19.0756144,1.5565762519836426,1.1196625232696533,1.0243659019470215,22.42300033569336
1505466492294,47.5157537,19.0756403,-0.4443182945251465,-0.04799365997314453,-0.2411785125732422,24.704999923706055
1505466493276,47.515827,19.0756187,-3.1588919162750244,-1.8161596059799194,-0.6034154891967773,24.888999938964844
1505466495224,47.5148875,19.0759376,2.4195494651794434,-3.186328411102295,0.5075197219848633,32.630001068115234
1505466497025,47.5158559,19.0755084,-3.335057497024536,-1.9326255321502686,-2.821012496948242,50
1505466499334,47.5147319,19.0761485,-1.8681154251098633,1.44998300075531,-0.4792661666870117,29.93600082397461
1505466500194,47.5146961,19.0765875,-4.366999626159668,1.287680983543396,-3.5044093132019043,26.861000061035156
1505466501253,47.5149825,19.0765979,-1.4939289093017578,0.3626524806022644,0.7921533584594727,28.792999267578125
1505466502215,47.5147808,19.0760955,-0.6241269111633301,0.6756292581558228,1.9838848114013672,28.791000366210938
1505466503275,47.5147719,19.0761473,4.253213882446289,-2.749882936477661,3.9137473106384277,25.961999893188477
1505466504756,47.5150026,19.0764234,-0.8473076820373535,1.564103364944458,0.43287086486816406,24.409000396728516
1505466505805,47.5150447,19.0764672,-1.7265782356262207,-3.831608772277832,-1.4998693466186523,30.538000106811523
1505466506804,47.5150114,19.0764875,1.7176094055175781,1.0724573135375977,0.3126659393310547,29.736000061035156
1505466507835,47.5149582,19.0764505,3.534989833831787,-1.582497477531433,0.48580074310302734,25.305999755859375
1505466508824,47.5148207,19.0762101,1.443903923034668,-0.6919824481010437,-0.462982177734375,20.718000411987305
1505466509784,47.5148428,19.0763125,0.4644765853881836,0.09638234972953796,0.8551206588745117,20.41900062561035
1505466510733,47.5147628,19.0764309,-0.9698100090026855,-1.091119647026062,-0.22809886932373047,22.634000778198242
1505466512124,47.5147761,19.0764691,-0.030647754669189453,-1.6053006649017334,-0.5795116424560547,21.02899932861328
1505466513193,47.5147271,19.076638,-0.14386367797851562,1.6391772031784058,1.0102872848510742,23.934999465942383
1505466514225,47.5147094,19.0766257,2.311594009399414,1.657465934753418,1.9421920776367188,22.974000930786133
1505466515234,47.5146206,19.076564,-0.7303802967071533,-1.5530097484588623,0.03456306457519531,28.948999404907227
1505466516495,47.514585,19.0766553,-0.6788387298583984,-0.07919812202453613,0.5755443572998047,21.033000946044922
1505466517265,47.5146738,19.0767169,2.058283805847168,1.8420586585998535,0.9856076240539551,20.43400001525879
1505466518295,47.5146204,19.0767958,3.2770256996154785,-1.0278733968734741,1.9638090133666992,22.56999969482422
1505466519203,47.514576,19.076823,-2.0584182739257812,2.1884098052978516,-1.6496996879577637,23.597000122070312
1505466520206,47.5144117,19.0768538,-0.5472617149353027,-1.2298227548599243,0.06341409683227539,21.04400062561035
1505466521255,47.5143782,19.077106,-1.1473069190979004,0.3491755723953247,-1.7145071029663086,50
1505466524255,47.5145187,19.0762324,-0.3957195281982422,-0.9973670244216919,-0.021790504455566406,23.18899917602539
1505466526734,47.513848,19.0764335,1.3847103118896484,-0.758827805519104,1.0134305953979492,39.5260009765625
1505466527874,47.5140124,19.0762867,1.4614782333374023,-0.36391448974609375,-0.7507104873657227,29.16699981689453
1505466528916,47.5142879,19.0760721,-0.7560610771179199,-1.300956130027771,-2.382314682006836,25.52400016784668
1505466529793,47.5141014,19.0760007,1.9096899032592773,1.038046956062317,-0.5332040786743164,22.96299934387207
1505466530836,47.5139815,19.0761203,-1.5205068588256836,0.845371425151825,-2.2392492294311523,24.65999984741211
1505466531773,47.5139637,19.076108,1.5617003440856934,-0.08980655670166016,1.9168872833251953,21.4689998626709
1505466532854,47.5139661,19.0759212,1.5715017318725586,0.27047979831695557,0.34485530853271484,20.77400016784668
1505466533926,47.5139528,19.0758829,2.085886001586914,0.8251644968986511,-0.5768918991088867,20.777000427246094
1505466534775,47.5134127,19.0765371,0.3403282165527344,0.8568408489227295,2.4107961654663086,48.27899932861328
1505466535735,47.513355,19.076526,-1.603322982788086,-1.7258479595184326,-0.9615440368652344,50
1505466536804,47.5138352,19.0756999,-1.6634209156036377,1.3139241933822632,2.32627010345459,23.825000762939453
1505466537323,47.5138352,19.0756999,-0.33235597610473633,0.39170587062835693,1.7056884765625,23.71299934387207
1505466538305,47.5136844,19.0754213,-0.7108368873596191,0.5020254254341125,-1.7076263427734375,23.606000900268555
1505466539256,47.5136712,19.075383,-1.3588781356811523,-0.5128793716430664,0.6081418991088867,21.864999771118164
1505466540235,47.5136934,19.0753695,-2.884645938873291,-0.825089693069458,-1.883903980255127,23.27899932861328
1505466541335,47.5136091,19.075282,-1.4820523262023926,-0.31591320037841797,-0.9450740814208984,25.829999923706055
1505466542214,47.5136046,19.0753078,1.4791722297668457,-1.2329164743423462,-0.8237438201904297,27.579999923706055
1505466543212,47.5136535,19.0752548,1.8875031471252441,0.07189404964447021,-5.7804388999938965,25.18199920654297
1505466544224,47.5133739,19.0750317,4.852051258087158,0.26683709025382996,1.7332515716552734,21.53499984741211
1505466547274,47.5132584,19.0751254,-3.6058435440063477,1.2177743911743164,-0.6289072036743164,21.233999252319336
1505466548244,47.5129075,19.0752007,2.4355273246765137,0.35613590478897095,-0.036345481872558594,22.84000015258789
1505466552394,47.5128988,19.0749048,-1.3070945739746094,1.2861272096633911,2.1597795486450195,21.46500015258789
1505466553335,47.5129388,19.0749036,4.339203834533691,0.8692288994789124,4.234862327575684,20.30500030517578
1505466554314,47.5129255,19.0748654,-8.218509674072266,0.24432671070098877,-3.1756772994995117,20.44300079345703
1505466555604,47.5128413,19.074662,-3.048429489135742,0.44821906089782715,2.3401193618774414,21.033000946044922
1505466556764,47.5128635,19.0746484,2.806413173675537,-1.2953009605407715,0.28085899353027344,21.03700065612793
1505466557323,47.5128635,19.0746484,-4.639897346496582,-0.08782374858856201,-4.200376033782959,21.996000289916992
1505466558334,47.5128368,19.0746879,-3.002427577972412,0.6340431571006775,-0.5021095275878906,21.03499984741211
1505466559313,47.5128059,19.0745214,-4.27541446685791,-0.1932525634765625,2.7881593704223633,21.368000030517578
1505466560346,47.5128457,19.0746361,2.7273449897766113,0.6646376848220825,2.896333694458008,22.246999740600586
1505466561283,47.5128235,19.0746496,-0.8380649089813232,1.3727145195007324,-0.22497177124023438,21.371999740600586
1505466562303,47.5128102,19.0746114,-2.431558847427368,-2.5616564750671387,-0.6222367286682129,23.986000061035156
1505466563226,47.5120445,19.0742682,1.519580364227295,-0.8947640657424927,2.970292091369629,50
1505466564253,47.5123575,19.0743551,-0.9036741256713867,-0.5901917219161987,-2.8201122283935547,25.610000610351562
1505466565287,47.5123575,19.0743551,0.4245033264160156,0.21243083477020264,1.8203840255737305,26.523000717163086
1505466566282,47.5123131,19.0742663,7.6333136558532715,-2.593153953552246,4.731589317321777,25.979999542236328
1505466567344,47.5123911,19.0738712,-4.56881046295166,-1.261379361152649,-3.56424617767334,26.235000610351562
1505466568406,47.5121981,19.0736647,-1.7681193351745605,1.7508251667022705,-2.577939510345459,22.246000289916992
1505466569306,47.5122027,19.0735229,1.2844924926757812,0.6050590872764587,2.9043493270874023,20.6299991607666
1505466570327,47.5121184,19.0734354,3.2719054222106934,1.4449080228805542,-0.2415752410888672,21.55699920654297
1505466571274,47.5123005,19.073301,-2.068513870239258,2.3528950214385986,2.2089414596557617,21.677000045776367
1505466572364,47.5123138,19.0733392,-5.184819221496582,-3.0755178928375244,-1.3558497428894043,21.55900001525879
1505466573284,47.512336,19.0733256,3.78518009185791,0.13173657655715942,1.5258913040161133,21.559999465942383
1505466574265,47.512336,19.0733256,-1.9975154399871826,3.6345973014831543,-5.309145450592041,22.908000946044922
1505466575355,47.5123316,19.0733515,-3.0960817337036133,-0.38886189460754395,-4.293758869171143,20.448999404907227
1505466576225,47.5123937,19.0733367,1.1731858253479004,0.8256850242614746,-1.3637309074401855,22.386999130249023
1505466578353,47.5123937,19.0733367,3.737582206726074,0.6720420718193054,0.32522010803222656,29.59000015258789
1505466579303,47.5115858,19.0730657,-2.531438112258911,0.7670979499816895,-1.1916894912719727,23.659000396728516
1505466580436,47.5116035,19.073078,-4.0784125328063965,-0.26554620265960693,-1.9194025993347168,22.548999786376953
1505466581394,47.5116035,19.073078,-2.7983977794647217,0.8870514035224915,1.6932497024536133,21.614999771118164
1505466582405,47.5116525,19.0729091,2.729128837585449,-0.5799397230148315,3.3498401641845703,20.451000213623047
1505466583233,47.5116525,19.0729091,-1.616175651550293,-0.9995748996734619,-1.7918620109558105,20.229000091552734
1505466584294,47.5117191,19.0728684,-0.5688023567199707,-0.9253038167953491,-0.30640745162963867,50
1505466587215,47.5117191,19.0728684,0.7508254051208496,1.9301502704620361,-3.7371249198913574,50
1505466588265,47.5111573,19.0729567,-4.558793067932129,-0.10302984714508057,-2.424081802368164,34.59400177001953
1505466589236,47.511124,19.0729771,-0.23232030868530273,-0.4734208583831787,2.7017345428466797,31.957000732421875
1505466590194,47.5111818,19.0728722,-0.4711613655090332,1.305676817893982,0.41948795318603516,33.71500015258789
1505466591234,47.5109002,19.0723724,-0.26944589614868164,-1.8114837408065796,2.0414600372314453,26.711000442504883
1505466592306,47.5108647,19.0723478,0.9966340065002441,-1.2197339534759521,0.5510377883911133,21.135000228881836
1505466593283,47.5108979,19.0724433,-0.7359104156494141,0.8416087627410889,1.378911018371582,25.74799919128418
1505466594278,47.5108713,19.0723669,2.0225353240966797,2.254279136657715,1.4162139892578125,21.135000228881836
1505466595337,47.5110893,19.0717936,4.971292018890381,0.46543678641319275,0.9572963714599609,23.31800079345703
1505466596257,47.5110939,19.0716518,2.02907657623291,0.5659124255180359,4.229290962219238,21.554000854492188
1505466597316,47.5108629,19.0717234,-0.18060731887817383,-2.0667495727539062,0.2615833282470703,21.69499969482422
1505466600295,47.5108408,19.071621,0.1484823226928711,0.005490779876708984,0.23166465759277344,20.841999053955078
1505466601366,47.5108276,19.0713511,-1.817861557006836,-2.0382838249206543,-0.23675537109375,23.724000930786133
1505466602545,47.5107611,19.0712759,-0.8671588897705078,0.2927595376968384,0.37235164642333984,22.003999710083008
1505466603863,47.5107478,19.0712377,0.7602710723876953,-1.4738162755966187,0.5190343856811523,20.16900062561035
1505466604795,47.5107257,19.0711354,-0.21485614776611328,0.2937958836555481,0.7471647262573242,20.389999389648438
1505466605785,47.5107168,19.0710713,0.34075450897216797,0.8396058082580566,0.22718143463134766,20.391000747680664
1505466606846,47.5106991,19.0710589,0.44022560119628906,-0.4775267541408539,-1.26953125,20.427000045776367
1505466607745,47.5107124,19.0709813,0.05440855026245117,1.713018536567688,0.389981746673584,21.042999267578125
1505466608844,47.5106612,19.0712211,-0.5973515510559082,-2.2418694496154785,0.8757801055908203,22.038999557495117
1505466609914,47.5107233,19.0713221,0.05255270004272461,3.3102240562438965,-0.9736638069152832,23.746000289916992
1505466610874,47.5105613,19.0711662,-2.5871355533599854,2.2222397327423096,-3.62263822555542,22.65999984741211
1505466611884,47.5104326,19.0711059,-0.22898054122924805,0.8459485173225403,-1.4069485664367676,21.774999618530273
1505466612746,47.5103439,19.0710443,-2.7629446983337402,0.7761143445968628,-1.2796258926391602,22.576000213623047
1505466613875,47.5103261,19.0710319,-0.36565542221069336,-2.71073579788208,1.853072166442871,21.555999755859375
1505466614794,47.5103618,19.0708248,1.082226276397705,-1.3523213863372803,1.5456609725952148,20.625
1505466615823,47.510273,19.0707632,3.515563488006592,-0.4253801703453064,-1.0141100883483887,21.54400062561035
1505466616866,47.5101842,19.0707016,2.586592674255371,0.708999752998352,1.4574670791625977,21
1505466617323,47.5101842,19.0707016,-0.12949705123901367,-2.2581543922424316,0.62109375,20.9950008392334
1505466618286,47.5102153,19.0707521,4.025965213775635,-1.6919065713882446,2.0121850967407227,21.011999130249023
1505466619487,47.5102153,19.0707521,6.74121618270874,1.7786383628845215,0.9503011703491211,20.632999420166016
1505466620296,47.5102908,19.0707755,-0.31415700912475586,-0.3583325147628784,0.6146411895751953,20.22599983215332
1505466621214,47.510331,19.0703108,-2.714326858520508,-0.35228824615478516,-2.0853590965270996,22.308000564575195
1505466623874,47.5102381,19.0698115,-0.668370246887207,-0.7870537042617798,1.3064470291137695,20.445999145507812
1505466625095,47.5103314,19.0697314,-0.3076605796813965,0.23124510049819946,2.826718330383301,20.445999145507812
1505466626357,47.5101716,19.0697363,0.43503904342651367,0.8274608254432678,0.4219188690185547,21.06999969482422
1505466627343,47.5101538,19.069724,0.5863027572631836,0.41955894231796265,0.2375164031982422,20.667999267578125
1505466628354,47.5101583,19.0696981,-0.28200483322143555,-3.1089234352111816,-0.9159245491027832,20.427000045776367
1505466629414,47.5101805,19.0696846,0.6084375381469727,0.2773709297180176,-1.3413944244384766,21.51300048828125
1505466630896,47.5101761,19.0695946,2.600982666015625,0.8856205344200134,0.8081207275390625,21.082000732421875
1505466631894,47.5101296,19.0694608,1.8511457443237305,0.08739370107650757,1.5187301635742188,21.5310001373291
1505466632784,47.5100341,19.069496,-0.20610475540161133,0.01495218276977539,-2.764504909515381,20.27899932861328
1505466633905,47.5100163,19.0694837,0.4171123504638672,0.31718701124191284,3.705174446105957,20.28700065612793
1505466635587,47.5099076,19.0693648,-0.8603932857513428,-1.3222243785858154,0.5667791366577148,20.635000228881836
1505466638834,47.5097588,19.0694788,0.840456485748291,-1.2582528591156006,1.6977815628051758,21.073999404907227
1505466639774,47.5096344,19.0695085,-2.4979288578033447,-0.3074434995651245,0.7247810363769531,20.53700065612793
1505466640855,47.509741,19.0694665,-1.8847723007202148,1.208451271057129,2.1970596313476562,20.624000549316406
1505466641746,47.5094791,19.0693717,1.0499334335327148,-1.1748758554458618,-0.6775469779968262,23.850000381469727
1505466642724,47.5094481,19.0693212,-1.3443706035614014,0.6430556774139404,-0.37223196029663086,21.163000106811523
1505466643774,47.5092173,19.069161,0.9487886428833008,0.8687074184417725,0.26825428009033203,21.341999053955078
1505466644794,47.5092971,19.0692744,0.2677001953125,0.25538837909698486,0.8286504745483398,20.652999877929688
1505466645835,47.509204,19.0691228,2.616372585296631,-0.461214542388916,-0.06838417053222656,22.96500015258789
1505466646765,47.5092084,19.0690969,1.9422740936279297,-0.9001644849777222,-0.8517332077026367,21.128999710083008
1505466647735,47.5091907,19.0690846,0.6108574867248535,-0.46708953380584717,1.388946533203125,20.28700065612793
1505466648806,47.509193,19.0690137,2.1837286949157715,0.7488012313842773,1.6340312957763672,20.17799949645996
1505466649873,47.509193,19.0690137,-0.0423274040222168,-1.7822704315185547,-1.0460553169250488,20.402999877929688
1505466650814,47.5091642,19.0688923,-1.8763835430145264,-0.42887556552886963,-2.5568675994873047,24.768999099731445
1505466651926,47.5091466,19.0686482,6.63049840927124,2.63435959815979,5.894523620605469,20.224000930786133
1505466652825,47.5090933,19.0686113,-2.211019277572632,1.5595126152038574,-1.5675945281982422,22.69700050354004
1505466653996,47.5090467,19.0685934,0.11678409576416016,-1.980605959892273,1.2802000045776367,20.31100082397461
1505466654715,47.5087914,19.0685177,-1.6138734817504883,-0.88924640417099,0.6689624786376953,22.35099983215332
1505466657808,47.508716,19.0684943,-2.342137575149536,0.5925959348678589,-1.4587574005126953,20.691999435424805
1505466658854,47.5086583,19.0684832,-0.5744762420654297,-2.655789852142334,-0.9463634490966797,21.35300064086914
1505466659775,47.5086583,19.0684832,4.331961154937744,1.0749117136001587,3.25113582611084,21.66200065612793
1505466660837,47.5086538,19.0685091,1.0389676094055176,0.34723326563835144,-0.0650339126586914,20.409000396728516
1505466661744,47.508645,19.068445,-0.6427464485168457,-0.18226569890975952,-1.6413159370422363,21.663000106811523
1505466662863,47.5085384,19.0683711,0.07168149948120117,-0.008278042078018188,0.4194517135620117,21.851999282836914
1505466663964,47.5084453,19.0682195,-0.1661067008972168,0.41876220703125,1.0032095909118652,21.523000717163086
1505466664844,47.5084964,19.0680956,-1.1684460639953613,-0.9698016047477722,2.6493825912475586,20.6200008392334
1505466665825,47.5084366,19.0679237,-0.278597354888916,1.1786824464797974,-0.7070226669311523,21.033000946044922
1505466666925,47.5084744,19.0678774,-1.7067811489105225,1.2350459098815918,-0.3751373291015625,20.698999404907227
1505466667973,47.5084877,19.0679156,0.8697905540466309,0.37302589416503906,0.7159795761108398,21.18000030517578
1505466668795,47.5084189,19.0679113,2.6808691024780273,-2.581454038619995,2.0158910751342773,21.347999572753906
1505466669845,47.5083722,19.0678935,0.20592498779296875,1.6646983623504639,0.7169160842895508,20.573999404907227
1505466670833,47.5083212,19.0679015,-0.723233699798584,-0.760441780090332,-1.7613043785095215,20.777000427246094
1505466671837,47.508268,19.0677487,-1.683345079421997,0.245785653591156,-2.9979591369628906,20.649999618530273
1505466672884,47.5082391,19.0677432,1.4552602767944336,0.2528769373893738,1.628108024597168,20.41699981689453
1505466673725,47.5082879,19.067806,0.971794605255127,-2.2871196269989014,2.4973316192626953,21.301000595092773
1505466674835,47.508228,19.0677499,-2.9233481884002686,-0.10514914989471436,-1.708341121673584,20.393999099731445
1505466675846,47.5082103,19.0677376,0.7881178855895996,0.4447782635688782,-0.28872156143188477,20.398000717163086
1505466676823,47.5081903,19.0676803,-1.9793646335601807,-1.925158977508545,1.9895219802856445,21.481000900268555
1505466677323,47.5081882,19.0675194,1.3346333503723145,-0.11590421199798584,2.7181501388549805,20.922000885009766
1505466678333,47.508186,19.0675903,1.1225686073303223,-0.02857118844985962,2.3050918579101562,20.59600067138672
1505466679353,47.5081704,19.067623,0.8141775131225586,-1.793849229812622,-0.5093536376953125,20.38800048828125
1505466680807,47.5081438,19.0675466,-0.07244539260864258,-0.06129777431488037,0.7691860198974609,20.545000076293945
1505466681845,47.5080817,19.0674455,-0.13100099563598633,-1.244152307510376,-0.41582489013671875,20.9060001373291
1505466682875,47.5080862,19.0674196,2.577889919281006,0.851482093334198,1.7935218811035156,21.0049991607666
1505466683895,47.5079796,19.0673457,0.16317081451416016,-0.6684235334396362,0.5487709045410156,20.41699981689453
1505466684865,47.5079997,19.0672872,-1.29799222946167,-0.7383456826210022,0.46118640899658203,21.04599952697754
1505466685886,47.5079818,19.0673907,0.9813635349273682,0.21878570318222046,0.40061187744140625,21.06599998474121
1505466686864,47.5080195,19.0674603,3.168900966644287,0.3643519878387451,2.4504308700561523,20.301000595092773
1505466687816,47.508024,19.0674345,-3.2348968982696533,0.09860396385192871,-2.4021682739257812,20.304000854492188
1505466689005,47.5078998,19.0672324,0.9587197303771973,2.667318105697632,1.514359951019287,22.393999099731445
1505466689845,47.5080108,19.0672804,1.2330021858215332,0.3738310933113098,0.28643369674682617,21.486000061035156
1505466690815,47.5080019,19.0672163,0.04052257537841797,-1.4826399087905884,1.8374404907226562,20.709999084472656
1505466691867,47.5078865,19.0671941,-3.279362916946411,1.2717058658599854,-0.5109372138977051,21.277999877929688
1505466692845,47.5080419,19.067215,0.17313337326049805,1.9824810028076172,-2.16450834274292,20.452999114990234
1505466693855,47.5079842,19.0670881,2.9537434577941895,2.0738368034362793,0.4730854034423828,21.531999588012695
1505466694835,47.5080065,19.0669587,-4.412646293640137,-0.08181822299957275,-1.8099346160888672,22.07900047302246
1505466695756,47.5078111,19.0670549,2.1536006927490234,2.0670456886291504,1.5291399955749512,21.4689998626709
1505466699986,47.5075314,19.0669478,-1.9267206192016602,-0.15821713209152222,-1.1751837730407715,20.91699981689453
1505466700857,47.5075317,19.0666002,-5.6622490882873535,1.9761638641357422,-2.919008255004883,20.82699966430664
1505466701756,47.5075184,19.066562,2.90047550201416,1.3493322134017944,-1.8193020820617676,21.191999435424805
1505466702857,47.5075051,19.0665238,-0.15488719940185547,-0.5783264636993408,-1.9567618370056152,20.415000915527344
1505466703957,47.507494,19.0665305,-1.4347686767578125,1.1792985200881958,-0.8615512847900391,20.424999237060547
1505466704829,47.507534,19.0664134,1.1738181114196777,0.5142688751220703,-0.050281524658203125,20.291000366210938
1505466705806,47.5074341,19.0663586,-1.8669109344482422,-1.9170438051223755,4.465118408203125,20.413999557495117
1505466706897,47.5073787,19.0662767,0.13617801666259766,-1.2516825199127197,0.5249843597412109,20.42799949645996
1505466707887,47.507301,19.0663242,3.9769792556762695,0.6278092861175537,0.45890235900878906,21.70599937438965
1505466708869,47.5072634,19.0660228,3.000429153442383,1.3812952041625977,2.638546943664551,21.559999465942383
1505466709696,47.5071546,19.0660198,-2.4468324184417725,0.4707513153553009,0.7803459167480469,21.743000030517578
1505466710897,47.5072967,19.0660024,-0.8640971183776855,0.26240265369415283,0.4463920593261719,21.64299964904785
1505466711857,47.5071635,19.065968,3.0043978691101074,0.6296906471252441,-1.2832274436950684,21.7549991607666
1505466712975,47.5070703,19.0659323,-3.7704596519470215,-0.9040499925613403,0.28018665313720703,22.18400001525879
1505466713776,47.5069505,19.0658202,1.6446285247802734,0.7477470636367798,0.09828472137451172,21.006000518798828
1505466714994,47.506946,19.0658461,1.5735907554626465,0.13736283779144287,0.5158538818359375,20.98900032043457
1505466715754,47.5068573,19.0657845,0.4044628143310547,1.0039199590682983,-0.7033147811889648,20.486000061035156
1505466716857,47.5069439,19.0658011,3.593879222869873,0.16089579463005066,0.6939191818237305,22.4689998626709
1505466717343,47.5069439,19.0658011,-2.834278106689453,1.1227712631225586,-3.5233893394470215,22.4689998626709
1505466718305,47.5069328,19.0658079,-1.7075536251068115,-0.5585223436355591,3.8496885299682617,21.22599983215332
1505466719357,47.5069372,19.065782,1.4386372566223145,-0.47953176498413086,0.43259334564208984,23.69700050354004
1505466720265,47.5067554,19.0654529,-2.3128442764282227,-1.4066686630249023,-0.2016763687133789,20.34600067138672
1505466725299,47.5067156,19.0652225,0.03994131088256836,2.023209810256958,0.1700153350830078,21.172000885009766
1505466726338,47.50668,19.0651978,1.4358372688293457,0.597547173500061,2.155062675476074,20.663000106811523
1505466727295,47.5065602,19.0650857,3.2577171325683594,-3.7879624366760254,1.4136295318603516,21.948999404907227
1505466728356,47.5064094,19.0649231,-0.04181337356567383,-0.10530257225036621,0.9372587203979492,23.381000518798828
1505466729437,47.5063339,19.0648997,0.4521446228027344,1.4725090265274048,-0.008196830749511719,20.42300033569336
1505466730425,47.5063473,19.0648221,-1.533409595489502,-0.3582497835159302,-0.5177755355834961,20.756999969482422
1505466731836,47.5062652,19.0647796,0.3893451690673828,0.7431579828262329,0.853571891784668,20.406999588012695
1505466732804,47.5062807,19.0647469,-4.885005474090576,2.725416660308838,-1.1784906387329102,20.409000396728516
1505466733868,47.5062164,19.0647167,0.1832737922668457,0.5322310924530029,-0.17431068420410156,20.5
1505466734855,47.506192,19.0646853,0.5235843658447266,-0.9690529108047485,1.5297260284423828,20.988000869750977
1505466735837,47.5061209,19.064636,-2.6683852672576904,1.3327680826187134,-2.4576072692871094,20.357999801635742
1505466738835,47.5061254,19.0646102,-0.7655134201049805,-0.15226686000823975,2.3801956176757812,20.371000289916992
1505466739848,47.5061188,19.0645911,1.1720004081726074,-0.7280712127685547,-0.4486207962036133,20.402000427246094
1505466740874,47.5061632,19.0645639,-0.6628408432006836,-1.1191002130508423,1.3151750564575195,21.64900016784668
1505466741844,47.5060501,19.0643551,-1.5773112773895264,0.5848265886306763,-1.1830692291259766,21.121000289916992
1505466742817,47.5058858,19.0643859,1.4043974876403809,0.552716076374054,1.697972297668457,26.398000717163086
1505466743814,47.5061922,19.0643377,-1.3748512268066406,0.5903570055961609,0.31640148162841797,33.486000061035156
1505466744787,47.5060767,19.0643156,-0.9003100395202637,-1.273838758468628,0.06783580780029297,29.385000228881836
1505466745845,47.5060479,19.0643101,4.14027214050293,1.7323544025421143,4.736503601074219,29.385000228881836
1505466746796,47.5058016,19.0640668,-2.7882087230682373,0.31516367197036743,-2.174800395965576,21.371999740600586
1505466749794,47.5055776,19.0638099,-0.7541985511779785,-0.029142141342163086,0.1936349868774414,20.891000747680664
1505466750877,47.5056597,19.0637365,2.9790773391723633,-0.22145682573318481,5.012706756591797,21.016000747680664
1505466751836,47.5056243,19.063596,-0.293612003326416,-0.42155981063842773,-0.01746082305908203,20.429000854492188
1505466752765,47.5056021,19.0636096,0.583014965057373,-0.1088290810585022,0.1640462875366211,20.18600082397461
1505466753796,47.5056243,19.063596,-0.3514680862426758,1.6292847394943237,3.0406322479248047,20.16900062561035
1505466754805,47.5056288,19.0635701,1.5599279403686523,-1.5985815525054932,-0.05940723419189453,20.422000885009766
1505466755794,47.5056288,19.0635701,0.25870704650878906,-0.6073265671730042,0.18005800247192383,20.506000518798828
1505466756783,47.5056686,19.0636847,0.08327674865722656,-0.08141636848449707,-0.16387975215911865,20.617000579833984
1505466757323,47.5056686,19.0636847,0.4251689910888672,0.3111532926559448,0.14178180694580078,20.590999603271484
1505466758625,47.5056642,19.0637106,0.37406063079833984,-0.34574466943740845,-0.07097172737121582,20.347999572753906
1505466759716,47.5056642,19.0637106,-0.07563209533691406,0.49078524112701416,-0.02702164649963379,20.361000061035156
1505466760856,47.5056864,19.0636971,0.13426780700683594,0.6429277062416077,0.12703895568847656,20.329999923706055
1505466761856,47.5056686,19.0636847,0.39679527282714844,0.40939009189605713,0.12304925918579102,20.32200050354004
1505466762957,47.5056686,19.0636847,0.1297607421875,0.01936507225036621,-0.04351401329040527,20.302000045776367
1505466763794,47.5056686,19.0636847,0.30695629119873047,0.1474853754043579,0.12429261207580566,20.290000915527344
1505466764684,47.5056642,19.0637106,0.29076099395751953,-0.11897969245910645,-0.054138898849487305,20.292999267578125
1505466765875,47.5056642,19.0637106,0.5029735565185547,0.3582080006599426,0.2931389808654785,20.365999221801758
1505466766866,47.5056642,19.0637106,0.17715930938720703,-0.1917860507965088,-0.12201261520385742,20.37299919128418
1505466767886,47.5056642,19.0637106,0.31673622131347656,0.15967237949371338,0.10443258285522461,20.358999252319336
1505466768855,47.5056642,19.0637106,0.21393299102783203,-0.02005457878112793,0.04891252517700195,20.363000869750977
1505466769786,47.5056642,19.0637106,0.19578266143798828,0.08217227458953857,0.0920875072479248,20.988000869750977
1505466770886,47.5056642,19.0637106,0.20312786102294922,0.12520861625671387,0.1721489429473877,20.371000289916992
1505466772013,47.5056642,19.0637106,0.16209697723388672,-0.0015518665313720703,-0.020236730575561523,20.374000549316406
1505466772767,47.5056642,19.0637106,0.22059059143066406,0.014835536479949951,0.012068510055541992,20.999000549316406
1505466773816,47.5056864,19.0636971,0.1407909393310547,0.13637471199035645,0.07542276382446289,20.29800033569336
1505466774828,47.5056686,19.0636847,0.46993064880371094,1.243851661682129,-0.24684858322143555,20.332000732421875
1505466775876,47.5056686,19.0636847,-0.343015193939209,0.11285179853439331,0.743654727935791,20.336000442504883
1505466776815,47.5056686,19.0636847,1.3281278610229492,-1.0124337673187256,1.1306285858154297,21.01099967956543
1505466777323,47.5056686,19.0636847,0.6519732475280762,1.622633934020996,2.01707124710083,21.009000778198242
1505466778276,47.5055709,19.0637908,-0.2605443000793457,-0.3223896026611328,-0.2924966812133789,20.43899917602539
1505466779345,47.505571,19.0635591,2.2706961631774902,0.5231913328170776,2.89078950881958,20.993000030517578
1505466780277,47.5055533,19.0635467,-1.9047315120697021,2.761751174926758,-0.5357937812805176,20.520999908447266
1505466781336,47.5055533,19.0635467,-0.3831028938293457,0.2769129276275635,0.7673044204711914,20.51099967956543
1505466782355,47.5054466,19.0637046,0.5077939033508301,-0.8592849969863892,0.7436494827270508,20.524999618530273
1505466783246,47.5053401,19.0636307,-0.12830400466918945,0.10459268093109131,-0.03885173797607422,21.084999084472656
1505466784436,47.5053756,19.0636553,0.2477269172668457,1.0300838947296143,0.8483619689941406,21.990999221801758
1505466785277,47.505429,19.0635764,-0.44921350479125977,0.1843366026878357,0.5596294403076172,20.611000061035156
1505466786349,47.5053979,19.0635259,-0.9613099098205566,-0.2625393867492676,1.608510971069336,21.507999420166016
1505466787225,47.5054111,19.0636799,0.3011951446533203,-2.0314579010009766,1.1982250213623047,20.518999099731445
1505466788395,47.5054111,19.0636799,1.2595510482788086,0.7945841550827026,0.32152414321899414,20.511999130249023
1505466789246,47.5054511,19.0636787,-0.27971458435058594,0.221490740776062,-0.582976222038269,20.427000045776367
1505466790136,47.50538,19.0637453,0.19980621337890625,-0.1342574954032898,-0.473880410194397,21.12700080871582
1505466791416,47.5053423,19.0636757,0.2836017608642578,0.10553747415542603,0.46235764026641846,20.416000366210938
1505466792316,47.5054289,19.0636922,0.27271270751953125,0.06789273023605347,-0.13355088233947754,20.429000854492188
1505466793305,47.5054466,19.0637046,0.18979167938232422,0.036298394203186035,0.0018187761306762695,20.426000595092773
1505466794336,47.5054289,19.0636922,0.18118667602539062,0.11222979426383972,0.17107796669006348,20.514999389648438
1505466795196,47.5054022,19.0637317,0.17459583282470703,0.10578101873397827,0.0060492753982543945,20.426000595092773
1505466796378,47.5053623,19.063733,0.2594432830810547,0.11548078060150146,0.17305147647857666,22.093000411987305
1505466797467,47.5053623,19.063733,0.19327735900878906,-0.08209627866744995,-0.04048967361450195,21.905000686645508
1505466798318,47.5054067,19.0637058,0.22730350494384766,0.006651818752288818,0.0888437032699585,22.13800048828125
1505466799355,47.5053623,19.063733,0.18025588989257812,-0.05349987745285034,-0.07640933990478516,21.898000717163086
1505466800325,47.5054111,19.0636799,0.19189071655273438,0.04060065746307373,0.023912906646728516,20.51799964904785
1505466801565,47.5054111,19.0636799,0.22548675537109375,0.06346637010574341,0.0370478630065918,21.433000564575195
1505466802857,47.5053756,19.0637712,0.18074893951416016,0.14577031135559082,0.015223860740661621,22.9060001373291
1505466803736,47.5054198,19.0639757,0.20338058471679688,-0.05157428979873657,0.05168020725250244,20.56800079345703
1505466804755,47.5054377,19.0637563,0.17698287963867188,-0.14033985137939453,0.012959599494934082,22.493000030517578
1505466805846,47.5054067,19.0637058,0.23644542694091797,-0.10824441909790039,0.30007123947143555,21.437000274658203
1505466806754,47.5053089,19.0639277,0.24015522003173828,-0.11411362886428833,-0.23852324485778809,22.073999404907227
1505466807848,47.5053934,19.0636676,0.3314542770385742,-0.1504594087600708,0.34068214893341064,21.128999710083008
1505466808795,47.5053756,19.0636553,0.04737567901611328,-0.4122612476348877,-0.2631448209285736,22.86199951171875
1505466809795,47.5053889,19.0636935,0.13276100158691406,0.25202834606170654,-0.20763921737670898,21.437000274658203
1505466810714,47.5053934,19.0636676,0.2570972442626953,0.6420077681541443,0.15594696998596191,22.868999481201172
1505466811747,47.5053756,19.0636553,-0.2228832244873047,-0.09743434190750122,-0.22018122673034668,21.077999114990234
1505466812796,47.5054111,19.0636799,0.33867454528808594,0.1884779930114746,0.0476841926574707,20.51799964904785
1505466813846,47.5054111,19.0636799,0.41254615783691406,-0.004224419593811035,0.3929966688156128,20.517000198364258
1505466814838,47.5054466,19.0637046,0.2071514129638672,0.24670398235321045,-0.01487743854522705,20.437000274658203
1505466815755,47.5054022,19.0637317,0.22739028930664062,0.1290014386177063,0.05520474910736084,22.844999313354492
1505466816854,47.50538,19.0637453,0.12960433959960938,-0.058560729026794434,-0.021800756454467773,21.020999908447266
1505466817303,47.50538,19.0637453,0.2059621810913086,0.08338338136672974,-0.13383495807647705,21.69099998474121
1505466818405,47.5053666,19.0639388,-0.031327247619628906,0.2773687243461609,-0.07363981008529663,22.30299949645996
1505466819375,47.505371,19.0639129,-0.8063106536865234,0.08684420585632324,-1.283557415008545,20.871000289916992
1505466820474,47.5054067,19.0637058,0.7886366844177246,-1.8592188358306885,4.129284858703613,20.520999908447266
1505466821318,47.5054778,19.0635234,2.4107747077941895,-0.9743019342422485,-0.2723350524902344,21.371999740600586
1505466822317,47.5054379,19.0635246,2.2768678665161133,-0.973628044128418,2.313187599182129,21.74799919128418
1505466823317,47.5053579,19.063643,1.3396358489990234,1.9061827659606934,2.942051410675049,20.617000579833984
1505466824277,47.5052336,19.0635568,1.4720149040222168,-2.109189510345459,0.5489501953125,20.70800018310547
1505466825315,47.5053402,19.0635148,4.249747276306152,-1.789959192276001,1.5681591033935547,20.291000366210938
1505466826315,47.5054113,19.0634482,-0.6880192756652832,-1.4245857000350952,-0.04848051071166992,21.51799964904785
1505466829929,47.5053226,19.0631549,-2.4155619144439697,0.5409868955612183,-0.39621734619140625,21.490999221801758
1505466830827,47.5051451,19.0630318,-2.2978732585906982,-0.3215339183807373,-1.0434198379516602,24.732999801635742
1505466831869,47.5051451,19.0630318,0.02617788314819336,-1.084377646446228,0.5567502975463867,22.375999450683594
1505466832836,47.5051585,19.0629541,-0.34897565841674805,-1.1050149202346802,0.40659236907958984,20.15399932861328
1505466834005,47.5051585,19.0629541,-0.3568911552429199,0.8051836490631104,-0.34338808059692383,20.365999221801758
1505466834755,47.5051452,19.0629159,-1.1166529655456543,0.2974957227706909,0.9150409698486328,21.597000122070312
1505466835845,47.5050631,19.0628734,-2.216618299484253,0.9146721959114075,1.367842674255371,20.614999771118164
1505466836897,47.5049655,19.0627478,-1.685533046722412,0.9613019227981567,-0.3386716842651367,21.638999938964844
1505466837323,47.5049766,19.062741,-1.5281262397766113,0.48409873247146606,-0.17076730728149414,21.641000747680664
1505466838324,47.5049766,19.062741,1.6616301536560059,0.9232721924781799,-0.7853031158447266,23.575000762939453
1505466839307,47.5049211,19.0627749,1.962867259979248,0.07351422309875488,0.3033895492553711,21.555999755859375
1505466840327,47.5048967,19.0627435,-0.3009519577026367,-0.8979474306106567,-0.013887405395507812,20.382999420166016
1505466841325,47.5046215,19.0624947,-0.5727767944335938,0.07758533954620361,-0.3313255310058594,21.365999221801758
1505466844346,47.5046128,19.0623147,-4.4450836181640625,0.4156210422515869,-2.7988643646240234,21.365999221801758
1505466845335,47.5047194,19.0621569,-1.1695268154144287,-1.616026759147644,-0.4398174285888672,21.22100067138672
1505466846366,47.5047194,19.0621569,-2.2702713012695312,2.981644630432129,-0.48445701599121094,20.832000732421875
1505466847316,47.5046839,19.0621323,1.6408982276916504,-0.6624201536178589,-0.504338264465332,21.509000778198242
1505466848455,47.5046817,19.0620873,1.0158405303955078,1.6817562580108643,-0.909207820892334,21.0049991607666
1505466849376,47.504253,19.0625577,-0.8704171180725098,2.2927279472351074,-1.0170059204101562,23.349000930786133
1505466850366,47.504524,19.0622532,1.9207649230957031,1.434218168258667,2.6477584838867188,20.920000076293945
1505466851366,47.5045329,19.0622014,-0.35259056091308594,-0.7967827916145325,-1.2326663732528687,20.774999618530273
1505466852335,47.5044664,19.0621262,2.827230453491211,1.4269030094146729,2.124624013900757,20.57200050354004
1505466853284,47.5043554,19.0619624,-0.029104232788085938,-3.6049747467041016,-3.025564193725586,24.97100067138672
1505466854344,47.5045818,19.0621484,-0.9296741485595703,2.265806198120117,-0.12415605783462524,21.283000946044922
1505466855254,47.504564,19.062136,-1.5403709411621094,-0.3934350609779358,-1.3077322244644165,21.28499984741211
1505466856294,47.5046195,19.062218,-0.35903024673461914,-1.4142894744873047,-2.7783024311065674,20.20199966430664
1505466857125,47.5047194,19.0621569,0.09707069396972656,-0.4577450752258301,0.5115976333618164,21.19300079345703
1505466858344,47.5047505,19.0622074,1.8251876831054688,0.7110180854797363,-0.03638792037963867,21.194000244140625
1505466859225,47.504746,19.0622333,-0.36625003814697266,-0.09723424911499023,0.2517366409301758,23.368000030517578
1505466860933,47.5047371,19.0622851,-0.6656661033630371,1.5771689414978027,0.3898639678955078,23.33099937438965
1505466861944,47.5047682,19.0622197,-0.78875333070755,-0.8512697219848633,0.6050793528556824,20.410999298095703
1505466862823,47.5047283,19.0621051,-0.26432985067367554,0.09595870971679688,0.7174677848815918,23.5
1505466863656,47.5046305,19.062327,0.10330390930175781,0.3153228759765625,0.480212926864624,22.847999572753906
1505466864752,47.5046305,19.062327,0.28103935718536377,0.38192176818847656,0.28582149744033813,24.91200065612793
1505466865734,47.5045994,19.0623924,0.8593108654022217,-0.7563104629516602,-1.4972211122512817,25.844999313354492
1505466866805,47.5045062,19.0622408,1.507737159729004,-0.16462421417236328,2.943728446960449,24.150999069213867
1505466867806,47.5047239,19.062131,2.2308332920074463,-0.2951838970184326,-2.1781749725341797,24.049999237060547
1505466868804,47.5047416,19.0621433,-0.03876328468322754,0.029114700853824615,1.0442323684692383,25.077999114990234
1505466869805,47.5047416,19.0621433,-0.3493919372558594,-0.6484335660934448,0.35769081115722656,23.5
1505466870836,47.5047505,19.0622074,-0.7484297752380371,0.39548659324645996,0.01484537124633789,22.94099998474121
1505466871816,47.5047505,19.0622074,-1.0528039932250977,-0.0363917350769043,-0.0032644271850585938,22.94300079345703
1505466872826,47.5046728,19.0621391,0.1126708984375,-5.1271796226501465,-6.051470756530762,20.427000045776367
1505466873853,47.5046661,19.0622358,-0.08218955993652344,1.7362189292907715,1.2554199695587158,20.70400047302246
1505466874725,47.5046661,19.0622358,-1.5543527603149414,-0.6049554347991943,-2.682408332824707,21.68000030517578
1505466875796,47.5047016,19.0622605,-1.690861701965332,-0.515993595123291,-0.6891422271728516,23.58099937438965
1505466876744,47.5046838,19.0622481,1.590693473815918,0.2479562759399414,-0.8481237888336182,21.20400047302246
1505466877323,47.5047216,19.0622019,-0.9697494506835938,1.0765204429626465,-1.6572675704956055,21.187000274658203
1505466878244,47.5046839,19.0621323,3.2759780883789062,2.375941753387451,2.0564422607421875,20.408000946044922
1505466879334,47.5047083,19.0621637,1.8026032447814941,7.928414821624756,-1.9770851135253906,21.202999114990234
1505466880395,47.5046506,19.0621526,-5.910275459289551,-1.925228476524353,4.803277492523193,20.191999435424805
1505466881376,47.5046439,19.0621335,0.34868431091308594,2.3770666122436523,-1.9860742092132568,20.417999267578125
1505466882293,47.5047239,19.062131,2.2240915298461914,0.9897325038909912,-1.5553288459777832,21.239999771118164
1505466883375,47.5047394,19.0620984,1.7899322509765625,-2.5820844173431396,0.21711134910583496,20.820999145507812
1505466884315,47.5047172,19.0621119,-4.72579288482666,-2.817382574081421,0.10501599311828613,24.054000854492188
1505466885175,47.5047106,19.0620928,-0.2047748565673828,-0.5760116577148438,-3.2663028240203857,23.50200080871582
1505466886196,47.5047283,19.0621051,0.04529762268066406,-1.7636464834213257,-3.080624580383301,23.656999588012695
1505466887275,47.5047461,19.0621175,-2.840463638305664,-0.5076582431793213,-2.397841453552246,23.259000778198242
1505466888153,47.5047283,19.0621051,2.6579790115356445,-3.1668217182159424,-0.8844293355941772,23.260000228881836
1505466889444,47.5047194,19.0621569,-3.157573699951172,-0.9819629192352295,-1.8450329303741455,22.00200080871582
1505466890286,47.5045463,19.0621237,2.460935115814209,-2.6978189945220947,-0.8260555267333984,20.441999435424805
1505466891244,47.5045306,19.0622723,-1.1506013870239258,0.6211538314819336,-0.49725937843322754,21.040000915527344
1505466892276,47.5045195,19.062279,-6.802918434143066,1.0322461128234863,2.1556313037872314,20.570999145507812
1505466893287,47.5046926,19.0624281,1.8171610832214355,-0.17717885971069336,-1.3730955123901367,21.12299919128418
1505466894305,47.5046796,19.0622518,1.7239656448364258,0.5805096626281738,-0.8699746131896973,10
1505466895335,47.5046771,19.0622525,2.891763687133789,-0.06690621376037598,-1.2913000583648682,10
1505466896377,47.5046752,19.0622529,0.5673074722290039,0.49147582054138184,-0.8868774175643921,10
1505466897223,47.5046732,19.0622537,0.8190054893493652,-2.505250930786133,-1.3759195804595947,10
1505466898285,47.5046695,19.0622556,2.013843536376953,-2.235037326812744,-0.6759291887283325,10
1505466899204,47.5046658,19.0622559,-3.9078149795532227,1.5921251773834229,2.2416980266571045,10
1505466900254,47.5046626,19.0622559,-1.171605110168457,1.272493600845337,0.13167476654052734,10
1505466901143,47.5046608,19.0622567,0.6568584442138672,0.042046546936035156,-0.5453124046325684,10
1505466902293,47.5046587,19.0622584,2.722618579864502,-0.9245803356170654,-0.7978181838989258,10
1505466903353,47.5046564,19.0622587,1.7330780029296875,-1.959561824798584,-0.8971879482269287,10
1505466904435,47.5046543,19.062259,0.6806831359863281,-0.21548962593078613,-0.19385528564453125,10
1505466905305,47.5046505,19.0622586,-2.2568063735961914,-0.9155220985412598,-1.2779573202133179,10
1505466906313,47.5046484,19.0622593,1.3371834754943848,-1.5247001647949219,-1.0892695188522339,10
1505466907384,47.5046467,19.0622599,1.84476900100708,-1.8898441791534424,-1.1938667297363281,10
1505466908325,47.5046449,19.0622615,-0.34451770782470703,0.8047080039978027,-0.3605339527130127,10
1505466909436,47.5046425,19.0622648,-5.420357704162598,0.3329441547393799,3.363161563873291,10
1505466910345,47.5046376,19.0622682,2.994351863861084,1.46905517578125,-2.7148759365081787,10
1505466911335,47.5046333,19.062271,-1.3725957870483398,-0.9417295455932617,0.6135907173156738,10
1505466912193,47.5046297,19.0622736,-1.0085725784301758,-1.4441044330596924,-0.5896162986755371,10
1505466913433,47.5046262,19.0622759,-0.9914636611938477,-1.6201876401901245,4.536983966827393,10
1505466914305,47.5046212,19.0622787,1.8244495391845703,-0.9431271553039551,-1.2957494258880615,10
1505466915264,47.5046155,19.0622823,-1.2443771362304688,0.9937424659729004,-0.4544227123260498,10
1505466916214,47.5046118,19.0622869,-2.7916345596313477,-0.6918959617614746,-2.1110012531280518,10
1505466917494,47.5046083,19.06229,3.791348457336426,3.9607994556427,1.5370655059814453,10
1505466918292,47.5046048,19.0622922,3.6764349937438965,1.923292636871338,-2.126708507537842,10
1505466919325,47.5046016,19.0622948,1.541163444519043,0.7523698806762695,-0.3723733425140381,10
1505466920365,47.5045986,19.062298,-2.7996158599853516,0.07095670700073242,2.030106782913208,10
1505466921485,47.5045958,19.0623017,1.7751483917236328,-0.27124667167663574,-0.615234375,10
1505466922864,47.5045926,19.0623068,3.0866503715515137,0.5335869789123535,-2.284766435623169,10
1505466923836,47.50459,19.06231,-2.1233205795288086,-0.6100547313690186,0.29295921325683594,10
1505466924824,47.504586,19.0623126,0.2645425796508789,2.9578256607055664,-2.196580171585083,10
1505466925875,47.5045826,19.0623149,-3.5892457962036133,1.5333664417266846,-1.176588773727417,10
1505466926744,47.5043372,19.062761,-5.77097225189209,1.6943254470825195,5.0651936531066895,22.749000549316406
1505466927827,47.5043639,19.0627216,-2.4049177169799805,1.373617172241211,0.08735334873199463,23.250999450683594
1505466928764,47.5043394,19.062806,3.597555637359619,0.5539028644561768,-2.7001991271972656,26.304000854492188
1505466929794,47.5041952,19.0626625,1.8619608879089355,0.5974199771881104,-0.5189567804336548,20.29800033569336
1505466930846,47.5041841,19.0626693,-2.4095468521118164,-3.047281503677368,0.8535349369049072,21.264999389648438
1505466931836,47.5040953,19.0627236,-1.311147689819336,2.1737561225891113,-0.908972978591919,22.562000274658203
1505466932956,47.5040575,19.0627698,-3.006045341491699,1.4678359031677246,-0.13809895515441895,21.219999313354492
1505466933826,47.5040708,19.062808,1.220959186553955,1.8274333477020264,-2.608675718307495,21.201000213623047
1505466934827,47.5041197,19.062755,-2.366943359375,2.108206272125244,-1.5070579051971436,20.695999145507812
1505466935816,47.5040886,19.0628203,-3.9480504989624023,-0.8241410255432129,0.3625211715698242,21.160999298095703
1505466936954,47.5041019,19.0628585,-4.240560531616211,0.27667760848999023,3.2549448013305664,20.138999938964844
1505466937303,47.5041019,19.0628585,2.351106643676758,-2.8703930377960205,-0.4445451498031616,20.354000091552734
1505466938243,47.504104,19.0629035,2.6092491149902344,3.00201153755188,1.4073412418365479,21.02400016784668
1505466939295,47.5042084,19.0629324,-3.362600326538086,1.5591590404510498,-0.3169736862182617,21.285999298095703
1505466940443,47.5041862,19.062946,-4.384217262268066,1.2768168449401855,0.5848453044891357,20.51300048828125
1505466941286,47.5041995,19.0629842,1.6104907989501953,0.10577654838562012,-1.1169072389602661,21.334999084472656
1505466942307,47.5041062,19.0629485,2.774313449859619,1.0151896476745605,-1.6742982864379883,21.51099967956543
1505466943367,47.5041306,19.0629799,-3.4346418380737305,2.939044713973999,0.7805929183959961,20.645000457763672
1505466944581,47.504124,19.0629608,-1.2471599578857422,1.3111157417297363,0.32886743545532227,21.023000717163086
1505466945856,47.5042039,19.0629583,-0.9397878646850586,1.5117194652557373,-0.37294626235961914,21.625999450683594
1505466946857,47.5042039,19.0629583,-3.854851722717285,5.135505676269531,0.7966774702072144,21.2810001373291
1505466947804,47.5042039,19.0629583,1.6217756271362305,-1.233499526977539,-1.519121527671814,21.611000061035156
1505466948964,47.5042039,19.0629583,1.0746684074401855,-1.1534781455993652,-1.4728245735168457,21.61400032043457
1505466949857,47.5042039,19.0629583,3.341566562652588,3.971508741378784,1.0378661155700684,21.608999252319336
1505466950744,47.5041817,19.0629719,1.9979667663574219,0.5159859657287598,-2.4111175537109375,23.547000885009766
1505466951846,47.5039242,19.0629671,1.898338794708252,0.4662652015686035,-2.123988389968872,21.069000244140625
1505466952978,47.5038998,19.0629356,3.554908275604248,0.774383544921875,-1.8167181015014648,22.993000030517578
1505466953796,47.5039864,19.0628364,-2.8436222076416016,0.46566247940063477,-0.6713154315948486,20.694000244140625
1505466954865,47.5039687,19.0628241,1.066171646118164,-1.255749225616455,-1.9565452337265015,20.67799949645996
1505466955806,47.5039264,19.063012,1.5913147926330566,3.1497809886932373,0.2399139404296875,20.357999801635742
1505466956985,47.5038199,19.0629381,-2.021059036254883,1.3965749740600586,-0.453332781791687,21.14900016784668
1505466957302,47.503831,19.0629314,0.7152442932128906,-3.0312111377716064,-2.044682264328003,20.509000778198242
1505466958358,47.5038931,19.0629165,0.18061351776123047,-0.8118307590484619,-0.8588646650314331,20.81399917602539
1505466959358,47.5039064,19.0629547,-1.058497428894043,-2.843818426132202,-1.0540602207183838,21.309999465942383
1505466960355,47.5039642,19.06285,-2.132866859436035,0.9101011753082275,-0.7061136364936829,20.68000030517578
1505466961396,47.5039242,19.0629671,2.070735454559326,-0.50469970703125,-1.9935848712921143,20.402000427246094
1505466962386,47.5039242,19.0629671,1.469348430633545,-1.3165996074676514,-0.7476502656936646,20.39699935913086
1505466963388,47.5040263,19.062951,-0.9562578201293945,0.6771838665008545,1.1162984371185303,20.673999786376953
1505466964356,47.504013,19.0629128,-3.137972831726074,1.891899585723877,-0.5471935272216797,20.677000045776367
1505466965323,47.5039531,19.0628567,1.6363725662231445,-4.216134548187256,-0.16634416580200195,21.047000885009766
1505466966345,47.5039465,19.0628376,0.862339973449707,1.493224859237671,-0.4909975528717041,20.569000244140625
1505466967316,47.5039775,19.0628882,-3.8502578735351562,2.8344807624816895,2.0069565773010254,20.65999984741211
1505466968385,47.5039531,19.0628567,2.819727897644043,-0.016110897064208984,-2.340209484100342,20.659000396728516
1505466969485,47.5039642,19.06285,4.031083106994629,2.218428134918213,-1.8233134746551514,20.575000762939453
1505466970315,47.5039975,19.0628296,-0.7605438232421875,2.333465337753296,-2.1350910663604736,20.31999969482422
1505466971366,47.5039287,19.0628253,0.7402591705322266,-2.105349063873291,-1.2070497274398804,22.334999084472656
1505466972337,47.5038932,19.0628007,0.5010080337524414,-0.8813245296478271,-0.032158851623535156,21.17799949645996
1505466973358,47.5038977,19.0627748,2.935239791870117,1.7433419227600098,1.6553611755371094,21.194000244140625
1505466974364,47.5038977,19.0627748,-3.5293045043945312,0.28714942932128906,1.1502506732940674,20.496999740600586
1505466975368,47.5039154,19.0627871,2.3836207389831543,-0.33817553520202637,-2.1625819206237793,20.511999130249023
1505466976387,47.5039021,19.0627489,5.087832450866699,0.6685984134674072,-2.365407943725586,20.51099967956543
1505466977336,47.5038777,19.0627175,-3.916396141052246,3.361483573913574,0.47396039962768555,20.28700065612793
1505466978349,47.5038888,19.0627107,1.5325207710266113,-1.072596549987793,-1.1447056531906128,20.29199981689453
1505466979437,47.5038888,19.0627107,1.4705662727355957,-3.5789272785186768,-0.11523842811584473,20.297000885009766
1505466980294,47.5038933,19.0626848,-0.7985248565673828,0.1370859146118164,-0.40704524517059326,21.051000595092773
1505466981337,47.5038267,19.0626097,2.491915225982666,-0.10891914367675781,-2.0858936309814453,20.761999130249023
1505466982405,47.5038312,19.0625838,1.1491775512695312,-0.10485506057739258,0.20696759223937988,21.020999908447266
1505466983266,47.5038267,19.0626097,1.2986507415771484,-3.1264240741729736,-1.7870533466339111,20.756000518798828
1505466984567,47.5038267,19.0626097,1.6492409706115723,0.5434243679046631,-2.8312792778015137,20.648000717163086
1505466985895,47.5038267,19.0626097,0.9703569412231445,-0.1348714828491211,-0.5238186120986938,20.753000259399414
1505466986877,47.5038267,19.0626097,-2.215127944946289,0.049990177154541016,0.15343248844146729,21.020999908447266
1505466987907,47.5038023,19.0625783,1.2892861366271973,-1.927027702331543,-0.42146754264831543,20.55299949645996
1505466989025,47.5038023,19.0625783,2.0801072120666504,1.8871910572052002,-0.11799323558807373,20.417999267578125
1505466989825,47.5038312,19.0625838,1.8671765327453613,0.9002227783203125,-1.3083027601242065,21.663999557495117
1505466990807,47.5038267,19.0626097,-0.8061075210571289,1.355855941772461,-0.21867692470550537,21.934999465942383
1505466991908,47.5037557,19.0626763,-0.1332836151123047,-2.3876142501831055,-1.2567912340164185,20.663000106811523
1505466992895,47.5037623,19.0626954,-0.4567279815673828,-1.11576509475708,1.449658751487732,20.760000228881836
1505466993838,47.5036537,19.0624607,1.0623197555541992,1.6175150871276855,-0.7582138776779175,22.993999481201172
1505466994837,47.5036137,19.0624619,-0.09781551361083984,0.6777265071868896,-1.2760486602783203,22.996999740600586
1505466995834,47.5036537,19.0624607,-0.7829408645629883,0.5374503135681152,-0.04591488838195801,22.98200035095215
1505466997039,47.5038267,19.0626097,-1.5927085876464844,1.2578809261322021,-0.5140955448150635,20.659000396728516
1505466997374,47.5037823,19.0626368,-0.7163467407226562,-0.669116735458374,0.35610318183898926,20.635000228881836
1505466998378,47.5037646,19.0625087,-0.8053140640258789,-1.094766616821289,-0.2396550178527832,20.426000595092773
1505466999609,47.5037469,19.0624964,-1.6347637176513672,0.2993967533111572,-0.5633704662322998,20.42300033569336
1505467000891,47.5036581,19.0624348,0.05520820617675781,-0.7304613590240479,-1.4107439517974854,22.38599967956543
1505467002421,47.5036182,19.062436,-3.754696846008301,-3.265822172164917,4.069984436035156,24.7450008392334
1505467003916,47.5036403,19.0625383,-0.5444631576538086,-3.873906135559082,3.1275362968444824,22.929000854492188
1505467005464,47.5036581,19.0625506,0.5865354537963867,-1.1936566829681396,-1.4525158405303955,21.121999740600586
1505467006813,47.5036581,19.0625506,-1.0917158126831055,-1.4111897945404053,-0.43166494369506836,20.89900016784668
1505467007756,47.5036514,19.0625315,-0.2645387649536133,-0.6734211444854736,-0.0181809663772583,20.833999633789062
1505467008682,47.5036625,19.0625247,-0.8380727767944336,-0.14756369590759277,3.2247912883758545,20.85099983215332
1505467009835,47.5036581,19.0625506,-0.33098793029785156,-2.9782750606536865,-0.4263908863067627,20.79400062561035
1505467011365,47.5036381,19.0624933,1.3872966766357422,0.4030954837799072,1.5971189737319946,20.524999618530273
1505467012795,47.5036403,19.0625383,-1.0581274032592773,-0.3836398124694824,0.15656107664108276,20.900999069213867
1505467013903,47.5036448,19.0625124,-4.214851379394531,2.0268702507019043,2.607222080230713,20.114999771118164
1505467015794,47.5036448,19.0625124,-1.2715864181518555,-0.6588921546936035,-0.6996111869812012,20.22800064086914
1505467016784,47.5036514,19.0625315,-0.697662353515625,0.8869194984436035,0.01145029067993164,20.761999130249023
1505467017311,47.5036514,19.0625315,-0.18471908569335938,-2.8482279777526855,-0.15498554706573486,20.761999130249023
1505467018322,47.5036581,19.0625506,0.7330780029296875,0.011488199234008789,-0.05669795721769333,20.790000915527344
1505467019343,47.5036581,19.0625506,-0.3692750930786133,0.7145571708679199,0.000307377427816391,20.80699920654297
1505467020792,47.5036581,19.0625506,0.28421974182128906,0.5980720520019531,-0.27052125334739685,20.770999908447266
1505467021715,47.5036581,19.0625506,-0.12547874450683594,0.2449784278869629,0.3471338748931885,20.510000228881836
1505467022971,47.5036581,19.0625506,-0.2588386535644531,0.44501614570617676,-0.14187854528427124,20.680999755859375
1505467024353,47.5036581,19.0625506,-1.2846221923828125,-1.1743053197860718,-2.940276622772217,20.684999465942383
1505467025803,47.503667,19.0624989,0.6614675521850586,-0.03926372528076172,0.25798559188842773,20.288000106811523
1505467026774,47.5036514,19.0625315,0.4926013946533203,-0.3933933973312378,-0.2218456268310547,20.457000732421875
1505467027967,47.5036514,19.0625315,-0.5275869369506836,0.29361772537231445,0.9428501129150391,20.79400062561035
1505467029304,47.5036425,19.0625833,-1.5578296184539795,-0.8961515426635742,-1.4603443145751953,20.709999084472656
1505467030783,47.5036403,19.0625383,0.025307416915893555,0.16000032424926758,0.8452849388122559,20.481000900268555
1505467031701,47.5036403,19.0625383,0.03061699867248535,0.4455752372741699,0.5400938987731934,20.413999557495117
1505467032714,47.5036425,19.0625833,0.313126802444458,0.5612707138061523,0.2572164535522461,20.694000244140625
1505467554770,47.5036448,19.0625124,-0.15299856662750244,0.2405381202697754,0.5146408081054688,20.17300033569336
1505468203158,47.5035915,19.0624755,-0.2771189212799072,0.10338926315307617,0.08080530166625977,20.95599937438965
1505468205419,47.5035915,19.0624755,-0.3013245761394501,-0.6952271461486816,-0.1356978416442871,20.194000244140625
1505468207456,47.5035915,19.0624755,0.5205523371696472,-0.4776592254638672,2.0002870559692383,20.17799949645996
1505468209167,47.5035915,19.0624755,0.3147496283054352,0.04892110824584961,0.5267138481140137,20.922000885009766
1505468211026,47.5035915,19.0624755,0.32379889488220215,0.22322750091552734,0.6985206604003906,20.145000457763672